ID,DATA_0,DATA_1,DATA_2,DATA_3,DATA_4,DATA_5,DATA_6,DATA_7,true_class
65,96,0,0,0,0,0,0,0,benign
1068,132,13,160,0,0,0,0,0,benign
535,127,255,127,255,127,255,127,255,benign
131,15,224,0,0,0,0,0,0,benign
936,1,0,39,16,0,0,0,0,benign
359,0,128,0,0,0,1,227,0,benign
369,16,108,0,0,0,0,0,0,benign
516,192,0,125,0,0,0,0,0,benign
609,0,0,9,0,0,0,0,0,benign
1071,125,4,0,2,113,0,0,0,benign
1085,20,0,0,0,0,0,0,0,benign
1086,0,55,16,0,0,0,0,0,benign
118,62,128,66,128,15,255,0,0,benign
119,255,255,15,255,127,255,255,255,benign
125,0,0,247,128,0,63,255,255,benign
531,255,255,8,127,47,7,255,80,benign
532,0,0,0,0,0,0,247,128,benign
534,0,0,0,0,195,0,0,0,benign
1045,0,0,52,242,15,255,15,255,benign
1200,255,0,128,0,128,0,40,242,benign
71,100,44,169,92,86,74,0,0,benign
357,16,65,0,0,0,0,0,0,benign
512,0,0,130,79,130,79,240,0,benign
514,28,253,0,0,64,0,0,0,benign
560,0,30,0,0,19,0,0,0,benign
1109,0,0,0,0,0,0,0,0,benign
578,255,255,32,0,214,0,0,1,benign
125,0,0,246,144,0,63,255,255,benign
532,0,0,0,0,0,0,246,144,benign
1045,0,0,56,241,15,255,15,255,benign
1200,255,0,128,0,144,0,40,241,benign
514,28,251,16,0,64,0,0,0,benign
1438,158,0,255,255,255,255,255,255,benign
806,1,160,3,255,1,208,0,200,benign
950,8,0,4,0,0,0,0,0,benign
951,0,0,3,0,0,0,0,0,benign
125,0,0,245,160,0,63,255,255,benign
532,0,0,0,0,0,0,245,160,benign
1045,0,0,60,240,15,255,15,255,benign
1200,255,0,128,0,160,0,40,240,benign
342,186,0,0,0,0,0,0,0,benign
358,122,32,0,0,0,106,0,0,benign
376,0,0,2,0,2,84,194,84,benign
377,1,227,8,0,146,4,0,0,benign
514,28,249,32,0,64,0,0,0,benign
610,0,0,0,0,0,0,0,0,benign
1057,6,0,21,0,0,0,0,0,benign
1069,0,3,255,0,0,0,240,0,benign
125,0,0,244,176,0,63,255,255,benign
532,0,0,0,0,0,0,244,176,benign
1045,0,0,0,255,15,255,15,255,benign
1200,255,0,128,0,176,0,40,239,benign
514,28,247,48,0,64,0,0,0,benign
1072,131,0,7,52,100,1,18,147,benign
1076,36,0,20,0,15,255,2,96,benign
1077,40,32,8,28,0,32,41,0,benign
125,0,0,243,192,0,63,255,255,benign
532,0,0,0,0,0,0,243,192,benign
1045,0,0,4,254,15,255,15,255,benign
1046,64,96,254,8,1,10,128,0,benign
1200,255,0,128,0,192,0,40,238,benign
514,28,245,64,0,64,0,0,0,benign
1034,193,0,255,255,255,255,255,255,benign
125,0,0,242,208,0,63,255,255,benign
532,0,0,0,0,0,0,242,208,benign
1045,0,0,8,253,15,255,15,255,benign
1200,255,0,128,0,208,0,40,237,benign
514,28,243,80,0,64,0,0,0,benign
1409,129,0,255,255,255,255,255,255,benign
938,0,34,32,0,0,0,0,0,benign
939,18,0,0,0,64,0,0,0,benign
125,0,0,241,224,0,63,255,255,benign
532,0,0,0,0,0,0,241,224,benign
1045,0,0,12,252,15,255,15,255,benign
1200,255,0,128,0,224,0,40,236,benign
514,28,241,96,0,64,0,0,0,benign
125,0,0,240,240,0,63,255,255,benign
532,0,0,0,0,0,0,240,240,benign
1045,0,0,16,251,15,255,15,255,benign
1200,255,0,128,0,240,0,40,235,benign
514,28,239,112,0,64,0,0,0,benign
125,0,0,255,0,0,63,255,255,benign
532,0,0,0,0,0,0,255,0,benign
1045,0,0,20,250,15,255,15,255,benign
1200,255,0,128,0,0,0,40,250,benign
1072,131,0,7,52,100,5,18,147,benign
1077,40,32,5,20,0,32,41,0,benign
125,0,0,254,16,0,63,255,255,benign
532,0,0,0,0,0,0,254,16,benign
1045,0,0,24,249,15,255,15,255,benign
1046,65,96,253,8,1,10,128,0,benign
1200,255,0,128,0,16,0,40,249,benign
125,0,0,253,32,0,63,255,255,benign
532,0,0,0,0,0,0,253,32,benign
1045,0,0,28,248,15,255,15,255,benign
1200,255,0,128,0,32,0,40,248,benign
132,0,0,0,76,15,52,12,0,benign
125,0,0,252,48,0,63,255,255,benign
532,0,0,0,0,0,0,252,48,benign
1045,0,0,32,247,15,255,15,255,benign
1200,255,0,128,0,48,0,40,247,benign
125,0,0,251,64,0,63,255,255,benign
532,0,0,0,0,0,0,251,64,benign
862,0,192,0,20,160,104,0,0,benign
1045,0,0,36,246,15,255,15,255,benign
1200,255,0,128,0,64,0,40,246,benign
125,0,0,250,80,0,63,255,255,benign
532,0,0,0,0,0,0,250,80,benign
1045,0,0,40,245,15,255,15,255,benign
1200,255,0,128,0,80,0,40,245,benign
1072,135,0,7,52,100,1,22,147,benign
125,0,0,249,96,0,63,255,255,benign
532,0,0,0,0,0,0,249,96,benign
1045,0,0,44,244,15,255,15,255,benign
1046,66,96,252,8,1,10,128,0,benign
1200,255,0,128,0,96,0,40,244,benign
909,32,0,0,0,0,0,0,0,benign
950,8,0,5,0,0,0,0,0,benign
951,0,0,0,0,0,0,0,0,benign
952,255,255,255,255,0,0,0,0,benign
995,0,0,4,19,128,0,0,0,benign
1003,0,4,20,0,0,16,0,0,benign
1034,193,1,255,255,255,255,255,255,benign
1084,50,0,0,44,0,153,136,20,benign
1095,33,0,0,75,0,0,0,0,benign
125,0,0,248,112,0,63,255,255,benign
532,0,0,0,0,0,0,248,112,benign
1045,0,0,48,243,15,255,15,255,benign
1200,255,0,128,0,112,0,40,243,benign
948,20,17,17,255,255,255,0,0,benign
949,255,253,255,253,255,253,255,253,benign
817,192,0,228,137,10,0,0,2,benign
1077,40,32,0,20,0,32,41,0,benign
967,0,0,0,0,0,0,0,0,benign
1046,67,96,251,8,1,10,128,0,benign
947,65,136,0,18,230,0,3,50,benign
963,64,0,16,193,0,0,129,0,benign
1046,68,96,250,8,1,10,128,0,benign
1034,193,2,255,255,255,255,255,255,benign
986,0,0,0,0,0,0,0,0,benign
994,0,0,0,0,128,0,0,0,benign
1002,0,0,0,0,0,0,96,0,benign
950,8,0,6,0,0,0,0,0,benign
951,0,0,1,0,0,0,0,0,benign
1076,36,0,20,0,15,255,2,100,benign
1077,124,112,0,84,0,36,41,0,benign
1046,69,96,249,8,1,10,128,0,benign
968,0,0,0,0,0,0,0,0,benign
992,0,0,0,0,128,0,0,0,benign
1125,255,252,255,252,255,254,255,252,benign
1126,0,76,236,248,96,32,32,0,benign
1127,0,255,224,255,254,254,240,240,benign
1046,70,96,248,8,1,10,128,0,benign
1034,193,4,255,255,255,255,255,255,benign
1046,71,96,247,8,1,10,128,0,benign
950,8,0,7,0,0,0,0,0,benign
951,0,0,2,0,0,0,0,0,benign
1046,72,96,246,8,1,10,128,0,benign
1034,193,16,255,255,255,255,255,0,benign
942,0,0,0,0,0,0,0,0,benign
753,0,0,81,16,0,254,1,0,benign
902,0,0,0,0,0,0,0,0,benign
1081,0,0,0,0,0,0,0,0,benign
1046,73,96,245,8,1,10,128,0,benign
950,8,0,8,0,0,0,0,0,benign
1046,74,96,244,8,1,10,128,0,benign
1034,192,0,0,5,13,254,242,0,benign
1046,75,96,243,8,1,10,128,0,benign
132,0,0,0,76,15,53,12,0,benign
512,0,0,130,80,130,80,240,0,benign
1046,76,96,242,8,1,10,128,0,benign
950,8,0,9,0,0,0,0,0,benign
817,192,0,228,138,10,0,0,2,benign
1046,77,96,241,8,1,10,128,0,benign
1046,78,96,240,8,1,10,128,0,benign
950,8,0,10,0,0,0,0,0,benign
1046,79,96,239,8,1,10,128,0,benign
1126,0,80,0,248,96,32,32,0,benign
950,8,0,11,0,0,0,0,0,benign
950,8,0,0,0,48,57,101,2,benign
132,0,0,0,76,15,54,12,0,benign
950,8,0,1,0,48,241,82,88,benign
1034,192,0,0,5,13,254,254,0,benign
817,192,0,228,139,10,0,0,2,benign
950,8,0,2,0,0,0,0,0,benign
1126,0,80,4,248,96,32,32,0,benign
950,8,0,3,0,0,0,0,0,benign
132,0,0,0,76,15,55,12,0,benign
817,192,0,228,140,10,0,0,2,benign
1034,192,0,0,5,13,255,10,0,benign
1126,0,80,8,248,96,32,32,0,benign
132,0,0,0,76,15,56,12,0,benign
817,192,0,228,141,10,0,0,2,benign
1034,192,0,0,5,13,255,22,0,benign
1126,0,80,12,248,96,32,32,0,benign
132,0,0,0,76,15,57,12,0,benign
817,192,0,228,142,10,0,0,2,benign
1126,0,80,16,248,96,32,32,0,benign
1034,192,0,0,5,13,255,34,0,benign
132,0,0,0,76,15,58,12,0,benign
817,192,0,228,143,10,0,0,2,benign
1126,0,80,20,248,96,32,32,0,benign
1034,192,0,0,5,13,255,46,0,benign
132,0,0,0,76,15,59,12,0,benign
817,192,0,228,144,10,0,0,2,benign
1126,0,80,24,248,96,32,32,0,benign
132,0,0,0,76,16,0,12,0,benign
1034,192,0,0,5,13,255,58,0,benign
817,192,0,228,145,10,0,0,2,benign
1126,0,80,28,248,96,32,32,0,benign
132,0,0,0,76,16,1,12,0,benign
817,192,0,228,146,10,0,0,2,benign
1034,192,0,0,5,13,255,70,0,benign
1126,0,80,32,248,96,32,32,0,benign
132,0,0,0,76,16,2,12,0,benign
817,192,0,228,147,10,0,0,2,benign
1034,192,0,0,5,13,255,82,0,benign
1126,0,80,36,248,96,32,32,0,benign
132,0,0,0,76,16,3,12,0,benign
817,192,0,228,148,10,0,0,2,benign
1126,0,80,40,248,96,32,32,0,benign
1034,192,0,0,5,13,255,94,0,benign
132,0,0,0,76,16,4,12,0,benign
817,192,0,228,149,10,0,0,2,benign
1126,0,80,44,248,96,32,32,0,benign
1034,192,0,0,5,13,255,106,0,benign
132,0,0,0,76,16,5,12,0,benign
817,192,0,228,150,10,0,0,2,benign
1126,0,80,48,248,96,32,32,0,benign
132,0,0,0,76,16,6,12,0,benign
1034,192,0,0,5,13,255,118,0,benign
817,192,0,228,151,10,0,0,2,benign
1126,0,80,52,248,96,32,32,0,benign
132,0,0,0,76,16,7,12,0,benign
817,192,0,228,152,10,0,0,2,benign
1034,192,0,0,5,13,255,130,0,benign
1200,255,0,128,0,48,0,24,249,benign
1126,0,80,56,248,96,32,32,0,benign
132,0,0,0,76,16,8,12,0,benign
817,192,0,228,153,10,0,0,2,benign
1034,192,0,0,5,13,255,142,0,benign
1126,0,80,60,248,96,32,32,0,benign
132,0,0,0,76,16,9,12,0,benign
817,192,0,228,154,10,0,0,2,benign
1126,0,80,64,248,96,32,32,0,benign
1034,192,0,0,5,13,255,154,0,benign
132,0,0,0,76,16,10,12,0,benign
817,192,0,228,155,10,0,0,2,benign
1126,0,80,68,248,96,32,32,0,benign
1034,192,0,0,5,13,255,166,0,benign
132,0,0,0,76,16,11,12,0,benign
817,192,0,228,156,10,0,0,2,benign
1126,0,80,72,248,96,32,32,0,benign
132,0,0,0,76,16,12,12,0,benign
1034,192,0,0,5,13,255,178,0,benign
817,192,0,228,157,10,0,0,2,benign
1126,0,80,76,248,96,32,32,0,benign
1200,255,0,128,0,112,0,24,245,benign
132,0,0,0,76,16,13,12,0,benign
817,192,0,228,158,10,0,0,2,benign
1034,192,0,0,5,13,255,190,0,benign
1126,0,80,80,248,96,32,32,0,benign
132,0,0,0,76,16,14,12,0,benign
817,192,0,228,159,10,0,0,2,benign
1034,192,0,0,5,13,255,202,0,benign
1126,0,80,84,248,96,32,32,0,benign
132,0,0,0,76,16,15,12,0,benign
817,192,0,228,160,10,0,0,2,benign
1126,0,80,88,248,96,32,32,0,benign
1034,192,0,0,5,13,255,214,0,benign
132,0,0,0,76,16,16,12,0,benign
817,192,0,228,161,10,0,0,2,benign
1200,255,0,128,0,32,0,24,250,benign
1126,0,80,92,248,96,32,32,0,benign
1034,192,0,0,5,13,255,226,0,benign
132,0,0,0,76,16,17,12,0,benign
817,192,0,228,162,10,0,0,2,benign
1126,0,80,96,248,96,32,32,0,benign
132,0,0,0,76,16,18,12,0,benign
1034,192,0,0,5,13,255,238,0,benign
817,192,0,228,163,10,0,0,2,benign
1126,0,80,100,248,96,32,32,0,benign
132,0,0,0,76,16,19,12,0,benign
817,192,0,228,164,10,0,0,2,benign
1034,192,0,0,5,13,255,250,0,benign
1126,0,80,104,248,96,32,32,0,benign
132,0,0,0,76,16,20,12,0,benign
817,192,0,228,165,10,0,0,2,benign
1034,192,0,0,5,14,0,6,0,benign
1126,0,80,108,248,96,32,32,0,benign
132,0,0,0,76,16,21,12,0,benign
817,192,0,228,166,10,0,0,2,benign
1126,0,80,112,248,96,32,32,0,benign
1034,192,0,0,5,14,0,18,0,benign
132,0,0,0,76,16,22,12,0,benign
817,192,0,228,167,10,0,0,2,benign
1126,0,80,116,248,96,32,32,0,benign
1200,255,0,128,0,192,0,24,240,benign
1034,192,0,0,5,14,0,30,0,benign
132,0,0,0,76,16,23,12,0,benign
817,192,0,228,168,10,0,0,2,benign
1126,0,80,120,248,96,32,32,0,benign
132,0,0,0,76,16,24,12,0,benign
1034,192,0,0,5,14,0,42,0,benign
817,192,0,228,169,10,0,0,2,benign
1126,0,80,124,248,96,32,32,0,benign
132,0,0,0,76,16,25,12,0,benign
817,192,0,228,170,10,0,0,2,benign
1034,192,0,0,5,14,0,54,0,benign
1126,0,80,128,248,96,32,32,0,benign
132,0,0,0,76,16,26,12,0,benign
817,192,0,228,171,10,0,0,2,benign
1034,192,0,0,5,14,0,66,0,benign
1126,0,80,132,248,96,32,32,0,benign
132,0,0,0,76,16,27,12,0,benign
817,192,0,228,172,10,0,0,2,benign
1126,0,80,136,248,96,32,32,0,benign
1034,192,0,0,5,14,0,78,0,benign
132,0,0,0,76,16,28,12,0,benign
817,192,0,228,173,10,0,0,2,benign
1126,0,80,140,248,96,32,32,0,benign
1034,192,0,0,5,14,0,90,0,benign
132,0,0,0,76,16,29,12,0,benign
817,192,0,228,174,10,0,0,2,benign
1126,0,80,144,248,96,32,32,0,benign
132,0,0,0,76,16,30,12,0,benign
1034,192,0,0,5,14,0,102,0,benign
817,192,0,228,175,10,0,0,2,benign
1126,0,80,148,248,96,32,32,0,benign
132,0,0,0,76,16,31,12,0,benign
817,192,0,228,176,10,0,0,2,benign
1034,192,0,0,5,14,0,114,0,benign
1126,0,80,152,248,96,32,32,0,benign
132,0,0,0,76,16,32,12,0,benign
817,192,0,228,177,10,0,0,2,benign
1034,192,0,0,5,14,0,126,0,benign
1126,0,80,156,248,96,32,32,0,benign
132,0,0,0,76,16,33,12,0,benign
817,192,0,228,178,10,0,0,2,benign
1126,0,80,160,248,96,32,32,0,benign
1034,192,0,0,5,14,0,138,0,benign
132,0,0,0,76,16,34,12,0,benign
817,192,0,228,179,10,0,0,2,benign
1126,0,80,164,248,96,32,32,0,benign
1034,192,0,0,5,14,0,150,0,benign
132,0,0,0,76,16,35,12,0,benign
817,192,0,228,180,10,0,0,2,benign
1126,0,80,168,248,96,32,32,0,benign
132,0,0,0,76,16,36,12,0,benign
1034,192,0,0,5,14,0,162,0,benign
817,192,0,228,181,10,0,0,2,benign
1126,0,80,172,248,96,32,32,0,benign
132,0,0,0,76,16,37,12,0,benign
817,192,0,228,182,10,0,0,2,benign
1034,192,0,0,5,14,0,174,0,benign
1126,0,80,176,248,96,32,32,0,benign
132,0,0,0,76,16,38,12,0,benign
817,192,0,228,183,10,0,0,2,benign
1034,192,0,0,5,14,0,186,0,benign
1126,0,80,180,248,96,32,32,0,benign
132,0,0,0,76,16,39,12,0,benign
817,192,0,228,184,10,0,0,2,benign
1126,0,80,184,248,96,32,32,0,benign
1034,192,0,0,5,14,0,198,0,benign
132,0,0,0,76,16,40,12,0,benign
817,192,0,228,185,10,0,0,2,benign
1126,0,80,188,248,96,32,32,0,benign
1034,192,0,0,5,14,0,210,0,benign
132,0,0,0,76,16,41,12,0,benign
817,192,0,228,186,10,0,0,2,benign
1126,0,80,192,248,96,32,32,0,benign
132,0,0,0,76,16,42,12,0,benign
1034,192,0,0,5,14,0,222,0,benign
817,192,0,228,187,10,0,0,2,benign
1126,0,80,196,248,96,32,32,0,benign
132,0,0,0,76,16,43,12,0,benign
817,192,0,228,188,10,0,0,2,benign
1034,192,0,0,5,14,0,234,0,benign
1077,124,112,0,20,0,36,41,0,benign
1077,40,32,8,92,0,32,41,0,benign
1126,0,80,200,248,96,32,32,0,benign
132,0,0,0,76,16,44,12,0,benign
817,192,0,228,189,10,0,0,2,benign
1034,192,0,0,5,14,0,246,0,benign
1126,0,80,204,248,96,32,32,0,benign
132,0,0,0,76,16,45,12,0,benign
817,192,0,228,190,10,0,0,2,benign
1126,0,80,208,248,96,32,32,0,benign
1034,192,0,0,5,14,1,2,0,benign
132,0,0,0,76,16,46,12,0,benign
817,192,0,228,191,10,0,0,2,benign
1126,0,80,212,248,96,32,32,0,benign
1034,192,0,0,5,14,1,14,0,benign
132,0,0,0,76,16,47,12,0,benign
817,192,0,228,192,10,0,0,2,benign
1126,0,80,216,248,96,32,32,0,benign
132,0,0,0,76,16,48,12,0,benign
1034,192,0,0,5,14,1,26,0,benign
817,192,0,228,193,10,0,0,2,benign
1126,0,80,220,248,96,32,32,0,benign
132,0,0,0,76,16,49,12,0,benign
1200,255,0,128,0,80,0,24,247,benign
817,192,0,228,194,10,0,0,2,benign
1034,192,0,0,5,14,1,38,0,benign
1126,0,80,224,248,96,32,32,0,benign
132,0,0,0,76,16,50,12,0,benign
817,192,0,228,195,10,0,0,2,benign
1034,192,0,0,5,14,1,50,0,benign
1126,0,80,228,248,96,32,32,0,benign
132,0,0,0,76,16,51,12,0,benign
817,192,0,228,196,10,0,0,2,benign
1126,0,80,232,248,96,32,32,0,benign
1034,192,0,0,5,14,1,62,0,benign
132,0,0,0,76,16,52,12,0,benign
817,192,0,228,197,10,0,0,2,benign
1126,0,80,236,248,96,32,32,0,benign
1034,192,0,0,5,14,1,74,0,benign
132,0,0,0,76,16,53,12,0,benign
817,192,0,228,198,10,0,0,2,benign
1077,124,112,8,92,0,36,41,0,benign
1126,0,84,0,248,96,32,32,0,benign
1072,131,0,7,52,100,1,18,145,benign
132,0,0,0,76,16,54,12,0,benign
1034,192,0,0,5,14,1,86,0,benign
817,192,0,228,199,10,0,0,2,benign
1126,0,84,4,248,96,32,32,0,benign
132,0,0,0,76,16,55,12,0,benign
817,192,0,228,200,10,0,0,2,benign
1034,192,0,0,5,14,1,98,0,benign
1126,0,84,8,248,96,32,32,0,benign
132,0,0,0,76,16,56,12,0,benign
817,192,0,228,201,10,0,0,2,benign
1034,192,0,0,5,14,1,110,0,benign
1126,0,84,12,248,96,32,32,0,benign
132,0,0,0,76,16,57,12,0,benign
817,192,0,228,202,10,0,0,2,benign
1126,0,84,16,248,96,32,32,0,benign
1034,192,0,0,5,14,1,122,0,benign
132,0,0,0,76,16,58,12,0,benign
817,192,0,228,203,10,0,0,2,benign
1126,0,84,20,248,96,32,32,0,benign
1034,192,0,0,5,14,1,134,0,benign
132,0,0,0,76,16,59,12,0,benign
817,192,0,228,204,10,0,0,2,benign
1126,0,84,24,248,96,32,32,0,benign
1200,255,0,128,0,96,0,24,246,benign
132,0,0,0,76,17,0,12,0,benign
1034,192,0,0,5,14,1,146,0,benign
817,192,0,228,205,10,0,0,2,benign
1126,0,84,28,248,96,32,32,0,benign
132,0,0,0,76,17,1,12,0,benign
817,192,0,228,206,10,0,0,2,benign
1034,192,0,0,5,14,1,158,0,benign
1126,0,84,32,248,96,32,32,0,benign
1077,40,32,13,28,0,32,41,0,benign
132,0,0,0,76,17,2,12,0,benign
817,192,0,228,207,10,0,0,2,benign
1034,192,0,0,5,14,1,170,0,benign
1126,0,84,36,248,96,32,32,0,benign
132,0,0,0,76,17,3,12,0,benign
817,192,0,228,208,10,0,0,2,benign
1126,0,84,40,248,96,32,32,0,benign
1034,192,0,0,5,14,1,182,0,benign
132,0,0,0,76,17,4,12,0,benign
817,192,0,228,209,10,0,0,2,benign
1200,255,0,128,0,208,0,24,239,benign
1126,0,84,44,248,96,32,32,0,benign
1034,192,0,0,5,14,1,194,0,benign
132,0,0,0,76,17,5,12,0,benign
817,192,0,228,210,10,0,0,2,benign
1126,0,84,48,248,96,32,32,0,benign
132,0,0,0,76,17,6,12,0,benign
1034,192,0,0,5,14,1,206,0,benign
817,192,0,228,211,10,0,0,2,benign
1126,0,84,52,248,96,32,32,0,benign
132,0,0,0,76,17,7,12,0,benign
817,192,0,228,212,10,0,0,2,benign
1034,192,0,0,5,14,1,218,0,benign
1126,0,84,56,248,96,32,32,0,benign
132,0,0,0,76,17,8,12,0,benign
817,192,0,228,213,10,0,0,2,benign
1034,192,0,0,5,14,1,230,0,benign
1126,0,84,60,248,96,32,32,0,benign
132,0,0,0,76,17,9,12,0,benign
817,192,0,228,214,10,0,0,2,benign
1126,0,84,64,248,96,32,32,0,benign
1034,192,0,0,5,14,1,242,0,benign
132,0,0,0,76,17,10,12,0,benign
817,192,0,228,215,10,0,0,2,benign
1126,0,84,68,248,96,32,32,0,benign
1034,192,0,0,5,14,1,254,0,benign
132,0,0,0,76,17,11,12,0,benign
817,192,0,228,216,10,0,0,2,benign
1126,0,84,72,248,96,32,32,0,benign
132,0,0,0,76,17,12,12,0,benign
1034,192,0,0,5,14,2,10,0,benign
817,192,0,228,217,10,0,0,2,benign
1126,0,84,76,248,96,32,32,0,benign
132,0,0,0,76,17,13,12,0,benign
817,192,0,228,218,10,0,0,2,benign
1034,192,0,0,5,14,2,22,0,benign
1126,0,84,80,248,96,32,32,0,benign
132,0,0,0,76,17,14,12,0,benign
1200,255,0,128,0,128,0,24,244,benign
817,192,0,228,219,10,0,0,2,benign
1034,192,0,0,5,14,2,34,0,benign
1126,0,84,84,248,96,32,32,0,benign
132,0,0,0,76,17,15,12,0,benign
817,192,0,228,220,10,0,0,2,benign
1126,0,84,88,248,96,32,32,0,benign
1034,192,0,0,5,14,2,46,0,benign
132,0,0,0,76,17,16,12,0,benign
817,192,0,228,221,10,0,0,2,benign
1126,0,84,92,248,96,32,32,0,benign
1034,192,0,0,5,14,2,58,0,benign
132,0,0,0,76,17,17,12,0,benign
817,192,0,228,222,10,0,0,2,benign
1126,0,84,96,248,96,32,32,0,benign
132,0,0,0,76,17,18,12,0,benign
1034,192,0,0,5,14,2,70,0,benign
817,192,0,228,223,10,0,0,2,benign
1126,0,84,100,248,96,32,32,0,benign
1200,255,0,128,0,144,0,24,243,benign
132,0,0,0,76,17,19,12,0,benign
817,192,0,228,224,10,0,0,2,benign
1034,192,0,0,5,14,2,82,0,benign
1126,0,84,104,248,96,32,32,0,benign
132,0,0,0,76,17,20,12,0,benign
817,192,0,228,225,10,0,0,2,benign
1034,192,0,0,5,14,2,94,0,benign
1126,0,84,108,248,96,32,32,0,benign
132,0,0,0,76,17,21,12,0,benign
817,192,0,228,226,10,0,0,2,benign
1126,0,84,112,248,96,32,32,0,benign
1034,192,0,0,5,14,2,106,0,benign
132,0,0,0,76,17,22,12,0,benign
817,192,0,228,227,10,0,0,2,benign
1126,0,84,116,248,96,32,32,0,benign
1034,192,0,0,5,14,2,118,0,benign
132,0,0,0,76,17,23,12,0,benign
817,192,0,228,228,10,0,0,2,benign
1126,0,84,120,248,96,32,32,0,benign
132,0,0,0,76,17,24,12,0,benign
1034,192,0,0,5,14,2,130,0,benign
817,192,0,228,229,10,0,0,2,benign
1126,0,84,124,248,96,32,32,0,benign
132,0,0,0,76,17,25,12,0,benign
817,192,0,228,230,10,0,0,2,benign
1034,192,0,0,5,14,2,142,0,benign
1126,0,84,128,248,96,32,32,0,benign
132,0,0,0,76,17,26,12,0,benign
817,192,0,228,231,10,0,0,2,benign
1034,192,0,0,5,14,2,154,0,benign
1126,0,84,132,248,96,32,32,0,benign
132,0,0,0,76,17,27,12,0,benign
817,192,0,228,232,10,0,0,2,benign
1126,0,84,136,248,96,32,32,0,benign
1034,192,0,0,5,14,2,166,0,benign
132,0,0,0,76,17,28,12,0,benign
817,192,0,228,233,10,0,0,2,benign
1126,0,84,140,248,96,32,32,0,benign
1034,192,0,0,5,14,2,178,0,benign
132,0,0,0,76,17,29,12,0,benign
817,192,0,228,234,10,0,0,2,benign
1126,0,84,144,248,96,32,32,0,benign
132,0,0,0,76,17,30,12,0,benign
1034,192,0,0,5,14,2,190,0,benign
817,192,0,228,235,10,0,0,2,benign
1126,0,84,148,248,96,32,32,0,benign
132,0,0,0,76,17,31,12,0,benign
817,192,0,228,236,10,0,0,2,benign
1034,192,0,0,5,14,2,202,0,benign
1126,0,84,152,248,96,32,32,0,benign
132,0,0,0,76,17,32,12,0,benign
817,192,0,228,237,10,0,0,2,benign
1034,192,0,0,5,14,2,214,0,benign
1126,0,84,156,248,96,32,32,0,benign
753,0,0,81,0,0,254,0,0,benign
1072,135,0,7,52,100,5,22,147,benign
132,0,0,0,76,17,33,12,0,benign
817,192,0,228,238,10,0,0,2,benign
1126,0,84,160,248,96,32,32,0,benign
1034,192,0,0,5,14,2,226,0,benign
132,0,0,0,76,17,34,12,0,benign
817,192,0,228,239,10,0,0,2,benign
1126,0,84,164,248,96,32,32,0,benign
1034,192,0,0,5,14,2,238,0,benign
132,0,0,0,76,17,35,12,0,benign
817,192,0,228,240,10,0,0,2,benign
1126,0,84,168,248,96,32,32,0,benign
132,0,0,0,76,17,36,12,0,benign
1034,192,0,0,5,14,2,250,0,benign
817,192,0,228,241,10,0,0,2,benign
1126,0,84,172,248,96,32,32,0,benign
132,0,0,0,76,17,37,12,0,benign
817,192,0,228,242,10,0,0,2,benign
1034,192,0,0,5,14,3,6,0,benign
1126,0,84,176,248,96,32,32,0,benign
132,0,0,0,76,17,38,12,0,benign
817,192,0,228,243,10,0,0,2,benign
1034,192,0,0,5,14,3,18,0,benign
1126,0,84,180,248,96,32,32,0,benign
132,0,0,0,76,17,39,12,0,benign
817,192,0,228,244,10,0,0,2,benign
1126,0,84,184,248,96,32,32,0,benign
1034,192,0,0,5,14,3,30,0,benign
132,0,0,0,76,17,40,12,0,benign
817,192,0,228,245,10,0,0,2,benign
1126,0,84,188,248,96,32,32,0,benign
1034,192,0,0,5,14,3,42,0,benign
132,0,0,0,76,17,41,12,0,benign
817,192,0,228,246,10,0,0,2,benign
1126,0,84,192,248,96,32,32,0,benign
132,0,0,0,76,17,42,12,0,benign
1034,192,0,0,5,14,3,54,0,benign
817,192,0,228,247,10,0,0,2,benign
1126,0,84,196,248,96,32,32,0,benign
132,0,0,0,76,17,43,12,0,benign
817,192,0,228,248,10,0,0,2,benign
1034,192,0,0,5,14,3,66,0,benign
1126,0,84,200,248,96,32,32,0,benign
132,0,0,0,76,17,44,12,0,benign
817,192,0,228,249,10,0,0,2,benign
1034,192,0,0,5,14,3,78,0,benign
1126,0,84,204,248,96,32,32,0,benign
132,0,0,0,76,17,45,12,0,benign
817,192,0,228,250,10,0,0,2,benign
1126,0,84,208,248,96,32,32,0,benign
1034,192,0,0,5,14,3,90,0,benign
132,0,0,0,76,17,46,12,0,benign
817,192,0,228,251,10,0,0,2,benign
1126,0,84,212,248,96,32,32,0,benign
1034,192,0,0,5,14,3,102,0,benign
132,0,0,0,76,17,47,12,0,benign
817,192,0,228,252,10,0,0,2,benign
1126,0,84,216,248,96,32,32,0,benign
132,0,0,0,76,17,48,12,0,benign
1034,192,0,0,5,14,3,114,0,benign
817,192,0,228,253,10,0,0,2,benign
1126,0,84,220,248,96,32,32,0,benign
132,0,0,0,76,17,49,12,0,benign
817,192,0,228,254,10,0,0,2,benign
1034,192,0,0,5,14,3,126,0,benign
1126,0,84,224,248,96,32,32,0,benign
132,0,0,0,76,17,50,12,0,benign
817,192,0,228,255,10,0,0,2,benign
1034,192,0,0,5,14,3,138,0,benign
1126,0,84,228,248,96,32,32,0,benign
132,0,0,0,76,17,51,12,0,benign
817,192,0,229,0,10,0,0,2,benign
1126,0,84,232,248,96,32,32,0,benign
1034,192,0,0,5,14,3,150,0,benign
132,0,0,0,76,17,52,12,0,benign
817,192,0,229,1,10,0,0,2,benign
1126,0,84,236,248,96,32,32,0,benign
1034,192,0,0,5,14,3,162,0,benign
132,0,0,0,76,17,53,12,0,benign
817,192,0,229,2,10,0,0,2,benign
1126,0,88,0,248,96,32,32,0,benign
132,0,0,0,76,17,54,12,0,benign
1200,255,0,128,0,160,0,24,242,benign
1034,192,0,0,5,14,3,174,0,benign
817,192,0,229,3,10,0,0,2,benign
1126,0,88,4,248,96,32,32,0,benign
132,0,0,0,76,17,55,12,0,benign
817,192,0,229,4,10,0,0,2,benign
1034,192,0,0,5,14,3,186,0,benign
1126,0,88,8,248,96,32,32,0,benign
132,0,0,0,76,17,56,12,0,benign
817,192,0,229,5,10,0,0,2,benign
1034,192,0,0,5,14,3,198,0,benign
1126,0,88,12,248,96,32,32,0,benign
132,0,0,0,76,17,57,12,0,benign
817,192,0,229,6,10,0,0,2,benign
1126,0,88,16,248,96,32,32,0,benign
1034,192,0,0,5,14,3,210,0,benign
132,0,0,0,76,17,58,12,0,benign
817,192,0,229,7,10,0,0,2,benign
1126,0,88,20,248,96,32,32,0,benign
1034,192,0,0,5,14,3,222,0,benign
132,0,0,0,76,17,59,12,0,benign
817,192,0,229,8,10,0,0,2,benign
1126,0,88,24,248,96,32,32,0,benign
132,0,0,0,76,18,0,12,0,benign
1034,192,0,0,5,14,3,234,0,benign
817,192,0,229,9,10,0,0,2,benign
1126,0,88,28,248,96,32,32,0,benign
132,0,0,0,76,18,1,12,0,benign
817,192,0,229,10,10,0,0,2,benign
1034,192,0,0,5,14,3,246,0,benign
1126,0,88,32,248,96,32,32,0,benign
132,0,0,0,76,18,2,12,0,benign
817,192,0,229,11,10,0,0,2,benign
1034,192,0,0,5,14,4,2,0,benign
1126,0,88,36,248,96,32,32,0,benign
132,0,0,0,76,18,3,12,0,benign
817,192,0,229,12,10,0,0,2,benign
1126,0,88,40,248,96,32,32,0,benign
1034,192,0,0,5,14,4,14,0,benign
132,0,0,0,76,18,4,12,0,benign
817,192,0,229,13,10,0,0,2,benign
1126,0,88,44,248,96,32,32,0,benign
1034,192,0,0,5,14,4,26,0,benign
132,0,0,0,76,18,5,12,0,benign
817,192,0,229,14,10,0,0,2,benign
1126,0,88,48,248,96,32,32,0,benign
132,0,0,0,76,18,6,12,0,benign
1034,192,0,0,5,14,4,38,0,benign
817,192,0,229,15,10,0,0,2,benign
1126,0,88,52,248,96,32,32,0,benign
132,0,0,0,76,18,7,12,0,benign
817,192,0,229,16,10,0,0,2,benign
1034,192,0,0,5,14,4,50,0,benign
1126,0,88,56,248,96,32,32,0,benign
132,0,0,0,76,18,8,12,0,benign
817,192,0,229,17,10,0,0,2,benign
1034,192,0,0,5,14,4,62,0,benign
1126,0,88,60,248,96,32,32,0,benign
1200,255,0,128,0,0,0,24,252,benign
132,0,0,0,76,18,9,12,0,benign
817,192,0,229,18,10,0,0,2,benign
1126,0,88,64,248,96,32,32,0,benign
1034,192,0,0,5,14,4,74,0,benign
132,0,0,0,76,18,10,12,0,benign
817,192,0,229,19,10,0,0,2,benign
1126,0,88,68,248,96,32,32,0,benign
1034,192,0,0,5,14,4,86,0,benign
132,0,0,0,76,18,11,12,0,benign
817,192,0,229,20,10,0,0,2,benign
1126,0,88,72,248,96,32,32,0,benign
132,0,0,0,76,18,12,12,0,benign
1034,192,0,0,5,14,4,98,0,benign
817,192,0,229,21,10,0,0,2,benign
1126,0,88,76,248,96,32,32,0,benign
132,0,0,0,76,18,13,12,0,benign
817,192,0,229,22,10,0,0,2,benign
1034,192,0,0,5,14,4,110,0,benign
1126,0,88,80,248,96,32,32,0,benign
132,0,0,0,76,18,14,12,0,benign
817,192,0,229,23,10,0,0,2,benign
1034,192,0,0,5,14,4,122,0,benign
1126,0,88,84,248,96,32,32,0,benign
132,0,0,0,76,18,15,12,0,benign
817,192,0,229,24,10,0,0,2,benign
1126,0,88,88,248,96,32,32,0,benign
1034,192,0,0,5,14,4,134,0,benign
132,0,0,0,76,18,16,12,0,benign
817,192,0,229,25,10,0,0,2,benign
1126,0,88,92,248,96,32,32,0,benign
1034,192,0,0,5,14,4,146,0,benign
1200,255,0,128,0,64,0,24,248,benign
132,0,0,0,76,18,17,12,0,benign
817,192,0,229,26,10,0,0,2,benign
1126,0,88,96,248,96,32,32,0,benign
132,0,0,0,76,18,18,12,0,benign
1034,192,0,0,5,14,4,158,0,benign
817,192,0,229,27,10,0,0,2,benign
1126,0,88,100,248,96,32,32,0,benign
132,0,0,0,76,18,19,12,0,benign
817,192,0,229,28,10,0,0,2,benign
1034,192,0,0,5,14,4,170,0,benign
1126,0,88,104,248,96,32,32,0,benign
132,0,0,0,76,18,20,12,0,benign
817,192,0,229,29,10,0,0,2,benign
1034,192,0,0,5,14,4,182,0,benign
1126,0,88,108,248,96,32,32,0,benign
132,0,0,0,76,18,21,12,0,benign
817,192,0,229,30,10,0,0,2,benign
1126,0,88,112,248,96,32,32,0,benign
1034,192,0,0,5,14,4,194,0,benign
132,0,0,0,76,18,22,12,0,benign
817,192,0,229,31,10,0,0,2,benign
1126,0,88,116,248,96,32,32,0,benign
1034,192,0,0,5,14,4,206,0,benign
132,0,0,0,76,18,23,12,0,benign
817,192,0,229,32,10,0,0,2,benign
1126,0,88,120,248,96,32,32,0,benign
132,0,0,0,76,18,24,12,0,benign
1034,192,0,0,5,14,4,218,0,benign
817,192,0,229,33,10,0,0,2,benign
1077,124,112,8,28,0,36,41,0,benign
1077,40,32,0,84,0,32,41,0,benign
1126,0,88,124,248,96,32,32,0,benign
132,0,0,0,76,18,25,12,0,benign
817,192,0,229,34,10,0,0,2,benign
1034,192,0,0,5,14,4,230,0,benign
1126,0,88,128,248,96,32,32,0,benign
132,0,0,0,76,18,26,12,0,benign
817,192,0,229,35,10,0,0,2,benign
1034,192,0,0,5,14,4,242,0,benign
1126,0,88,132,248,96,32,32,0,benign
132,0,0,0,76,18,27,12,0,benign
817,192,0,229,36,10,0,0,2,benign
1126,0,88,136,248,96,32,32,0,benign
1034,192,0,0,5,14,4,254,0,benign
132,0,0,0,76,18,28,12,0,benign
817,192,0,229,37,10,0,0,2,benign
1126,0,88,140,248,96,32,32,0,benign
1034,192,0,0,5,14,5,10,0,benign
132,0,0,0,76,18,29,12,0,benign
817,192,0,229,38,10,0,0,2,benign
1126,0,88,144,248,96,32,32,0,benign
132,0,0,0,76,18,30,12,0,benign
1034,192,0,0,5,14,5,22,0,benign
817,192,0,229,39,10,0,0,2,benign
1126,0,88,148,248,96,32,32,0,benign
132,0,0,0,76,18,31,12,0,benign
817,192,0,229,40,10,0,0,2,benign
1034,192,0,0,5,14,5,34,0,benign
1126,0,88,152,248,96,32,32,0,benign
132,0,0,0,76,18,32,12,0,benign
817,192,0,229,41,10,0,0,2,benign
1034,192,0,0,5,14,5,46,0,benign
1126,0,88,156,248,96,32,32,0,benign
132,0,0,0,76,18,33,12,0,benign
817,192,0,229,42,10,0,0,2,benign
1077,40,32,8,28,0,36,41,0,benign
1077,124,112,0,84,0,32,41,0,benign
1126,0,88,160,248,96,32,32,0,benign
1034,192,0,0,5,14,5,58,0,benign
132,0,0,0,76,18,34,12,0,benign
817,192,0,229,43,10,0,0,2,benign
1126,0,88,164,248,96,32,32,0,benign
1034,192,0,0,5,14,5,70,0,benign
132,0,0,0,76,18,35,12,0,benign
817,192,0,229,44,10,0,0,2,benign
1126,0,88,168,248,96,32,32,0,benign
132,0,0,0,76,18,36,12,0,benign
1034,192,0,0,5,14,5,82,0,benign
817,192,0,229,45,10,0,0,2,benign
1126,0,88,172,248,96,32,32,0,benign
132,0,0,0,76,18,37,12,0,benign
817,192,0,229,46,10,0,0,2,benign
1034,192,0,0,5,14,5,94,0,benign
1126,0,88,176,248,96,32,32,0,benign
132,0,0,0,76,18,38,12,0,benign
817,192,0,229,47,10,0,0,2,benign
1034,192,0,0,5,14,5,106,0,benign
1126,0,88,180,248,96,32,32,0,benign
132,0,0,0,76,18,39,12,0,benign
817,192,0,229,48,10,0,0,2,benign
1126,0,88,184,248,96,32,32,0,benign
1034,192,0,0,5,14,5,118,0,benign
132,0,0,0,76,18,40,12,0,benign
817,192,0,229,49,10,0,0,2,benign
1126,0,88,188,248,96,32,32,0,benign
1034,192,0,0,5,14,5,130,0,benign
132,0,0,0,76,18,41,12,0,benign
817,192,0,229,50,10,0,0,2,benign
1126,0,88,192,248,96,32,32,0,benign
132,0,0,0,76,18,42,12,0,benign
1034,192,0,0,5,14,5,142,0,benign
817,192,0,229,51,10,0,0,2,benign
1126,0,88,196,248,96,32,32,0,benign
132,0,0,0,76,18,43,12,0,benign
817,192,0,229,52,10,0,0,2,benign
1034,192,0,0,5,14,5,154,0,benign
1126,0,88,200,248,96,32,32,0,benign
132,0,0,0,76,18,44,12,0,benign
817,192,0,229,53,10,0,0,2,benign
1034,192,0,0,5,14,5,166,0,benign
1126,0,88,204,248,96,32,32,0,benign
132,0,0,0,76,18,45,12,0,benign
817,192,0,229,54,10,0,0,2,benign
1126,0,88,208,248,96,32,32,0,benign
1034,192,0,0,5,14,5,178,0,benign
132,0,0,0,76,18,46,12,0,benign
817,192,0,229,55,10,0,0,2,benign
1126,0,88,212,248,96,32,32,0,benign
1034,192,0,0,5,14,5,190,0,benign
132,0,0,0,76,18,47,12,0,benign
817,192,0,229,56,10,0,0,2,benign
1126,0,88,216,248,96,32,32,0,benign
132,0,0,0,76,18,48,12,0,benign
1034,192,0,0,5,14,5,202,0,benign
817,192,0,229,57,10,0,0,2,benign
1126,0,88,220,248,96,32,32,0,benign
132,0,0,0,76,18,49,12,0,benign
817,192,0,229,58,10,0,0,2,benign
1034,192,0,0,5,14,5,214,0,benign
1126,0,88,224,248,96,32,32,0,benign
132,0,0,0,76,18,50,12,0,benign
817,192,0,229,59,10,0,0,2,benign
1034,192,0,0,5,14,5,226,0,benign
1126,0,88,228,248,96,32,32,0,benign
132,0,0,0,76,18,51,12,0,benign
817,192,0,229,60,10,0,0,2,benign
1126,0,88,232,248,96,32,32,0,benign
1034,192,0,0,5,14,5,238,0,benign
132,0,0,0,76,18,52,12,0,benign
817,192,0,229,61,10,0,0,2,benign
1126,0,88,236,248,96,32,32,0,benign
1034,192,0,0,5,14,5,250,0,benign
132,0,0,0,76,18,53,12,0,benign
817,192,0,229,62,10,0,0,2,benign
1126,0,92,0,248,96,32,32,0,benign
132,0,0,0,76,18,54,12,0,benign
1034,192,0,0,5,14,6,6,0,benign
817,192,0,229,63,10,0,0,2,benign
1126,0,92,4,248,96,32,32,0,benign
132,0,0,0,76,18,55,12,0,benign
817,192,0,229,64,10,0,0,2,benign
1034,192,0,0,5,14,6,18,0,benign
1126,0,92,8,248,96,32,32,0,benign
132,0,0,0,76,18,56,12,0,benign
817,192,0,229,65,10,0,0,2,benign
1034,192,0,0,5,14,6,30,0,benign
1126,0,92,12,248,96,32,32,0,benign
132,0,0,0,76,18,57,12,0,benign
817,192,0,229,66,10,0,0,2,benign
1126,0,92,16,248,96,32,32,0,benign
1034,192,0,0,5,14,6,42,0,benign
132,0,0,0,76,18,58,12,0,benign
817,192,0,229,67,10,0,0,2,benign
1126,0,92,20,248,96,32,32,0,benign
1034,192,0,0,5,14,6,54,0,benign
132,0,0,0,76,18,59,12,0,benign
817,192,0,229,68,10,0,0,2,benign
1126,0,92,24,248,96,32,32,0,benign
132,0,0,0,76,19,0,12,0,benign
1034,192,0,0,5,14,6,66,0,benign
817,192,0,229,69,10,0,0,2,benign
1126,0,92,28,248,96,32,32,0,benign
132,0,0,0,76,19,1,12,0,benign
817,192,0,229,70,10,0,0,2,benign
1034,192,0,0,5,14,6,78,0,benign
1126,0,92,32,248,96,32,32,0,benign
132,0,0,0,76,19,2,12,0,benign
817,192,0,229,71,10,0,0,2,benign
1034,192,0,0,5,14,6,90,0,benign
1126,0,92,36,248,96,32,32,0,benign
132,0,0,0,76,19,3,12,0,benign
817,192,0,229,72,10,0,0,2,benign
1126,0,92,40,248,96,32,32,0,benign
1034,192,0,0,5,14,6,102,0,benign
512,0,0,130,79,130,80,240,0,benign
132,0,0,0,76,19,4,12,0,benign
817,192,0,229,73,10,0,0,2,benign
1126,0,92,44,248,96,32,32,0,benign
1034,192,0,0,5,14,6,114,0,benign
132,0,0,0,76,19,5,12,0,benign
817,192,0,229,74,10,0,0,2,benign
1126,0,92,48,248,96,32,32,0,benign
132,0,0,0,76,19,6,12,0,benign
1034,192,0,0,5,14,6,126,0,benign
817,192,0,229,75,10,0,0,2,benign
1200,255,0,128,0,176,0,24,241,benign
1126,0,92,52,248,96,32,32,0,benign
132,0,0,0,76,19,7,12,0,benign
817,192,0,229,76,10,0,0,2,benign
1034,192,0,0,5,14,6,138,0,benign
1126,0,92,56,248,96,32,32,0,benign
132,0,0,0,76,19,8,12,0,benign
817,192,0,229,77,10,0,0,2,benign
1034,192,0,0,5,14,6,150,0,benign
1126,0,92,60,248,96,32,32,0,benign
132,0,0,0,76,19,9,12,0,benign
817,192,0,229,78,10,0,0,2,benign
1126,0,92,64,248,96,32,32,0,benign
1034,192,0,0,5,14,6,162,0,benign
132,0,0,0,76,19,10,12,0,benign
817,192,0,229,79,10,0,0,2,benign
1126,0,92,68,248,96,32,32,0,benign
1034,192,0,0,5,14,6,174,0,benign
132,0,0,0,76,19,11,12,0,benign
817,192,0,229,80,10,0,0,2,benign
1126,0,92,72,248,96,32,32,0,benign
132,0,0,0,76,19,12,12,0,benign
1034,192,0,0,5,14,6,186,0,benign
817,192,0,229,81,10,0,0,2,benign
1126,0,92,76,248,96,32,32,0,benign
132,0,0,0,76,19,13,12,0,benign
817,192,0,229,82,10,0,0,2,benign
1034,192,0,0,5,14,6,198,0,benign
1126,0,92,80,248,96,32,32,0,benign
132,0,0,0,76,19,14,12,0,benign
817,192,0,229,83,10,0,0,2,benign
1034,192,0,0,5,14,6,210,0,benign
1126,0,92,84,248,96,32,32,0,benign
132,0,0,0,76,19,15,12,0,benign
817,192,0,229,84,10,0,0,2,benign
1126,0,92,88,248,96,32,32,0,benign
1034,192,0,0,5,14,6,222,0,benign
132,0,0,0,76,19,16,12,0,benign
817,192,0,229,85,10,0,0,2,benign
1126,0,92,92,248,96,32,32,0,benign
1034,192,0,0,5,14,6,234,0,benign
132,0,0,0,76,19,17,12,0,benign
817,192,0,229,86,10,0,0,2,benign
1126,0,92,96,248,96,32,32,0,benign
132,0,0,0,76,19,18,12,0,benign
1034,192,0,0,5,14,6,246,0,benign
817,192,0,229,87,10,0,0,2,benign
1126,0,92,100,248,96,32,32,0,benign
132,0,0,0,76,19,19,12,0,benign
817,192,0,229,88,10,0,0,2,benign
1034,192,0,0,5,14,7,2,0,benign
1126,0,92,104,248,96,32,32,0,benign
132,0,0,0,76,19,20,12,0,benign
817,192,0,229,89,10,0,0,2,benign
1034,192,0,0,5,14,7,14,0,benign
1126,0,92,108,248,96,32,32,0,benign
132,0,0,0,76,19,21,12,0,benign
817,192,0,229,90,10,0,0,2,benign
1126,0,92,112,248,96,32,32,0,benign
1034,192,0,0,5,14,7,26,0,benign
132,0,0,0,76,19,22,12,0,benign
817,192,0,229,91,10,0,0,2,benign
1126,0,92,116,248,96,32,32,0,benign
1034,192,0,0,5,14,7,38,0,benign
132,0,0,0,76,19,23,12,0,benign
817,192,0,229,92,10,0,0,2,benign
1126,0,92,120,248,96,32,32,0,benign
132,0,0,0,76,19,24,12,0,benign
1034,192,0,0,5,14,7,50,0,benign
817,192,0,229,93,10,0,0,2,benign
1126,0,92,124,248,96,32,32,0,benign
1200,255,0,128,0,16,0,24,251,benign
132,0,0,0,76,19,25,12,0,benign
817,192,0,229,94,10,0,0,2,benign
1034,192,0,0,5,14,7,62,0,benign
1126,0,92,128,248,96,32,32,0,benign
132,0,0,0,76,19,26,12,0,benign
817,192,0,229,95,10,0,0,2,benign
1034,192,0,0,5,14,7,74,0,benign
1126,0,92,132,248,96,32,32,0,benign
132,0,0,0,76,19,27,12,0,benign
817,192,0,229,96,10,0,0,2,benign
1126,0,92,136,248,96,32,32,0,benign
1034,192,0,0,5,14,7,86,0,benign
132,0,0,0,76,19,28,12,0,benign
817,192,0,229,97,10,0,0,2,benign
1126,0,92,140,248,96,32,32,0,benign
1034,192,0,0,5,14,7,98,0,benign
132,0,0,0,76,19,29,12,0,benign
817,192,0,229,98,10,0,0,2,benign
1126,0,92,144,248,96,32,32,0,benign
132,0,0,0,76,19,30,12,0,benign
1034,192,0,0,5,14,7,110,0,benign
817,192,0,229,99,10,0,0,2,benign
1126,0,92,148,248,96,32,32,0,benign
132,0,0,0,76,19,31,12,0,benign
817,192,0,229,100,10,0,0,2,benign
1034,192,0,0,5,14,7,122,0,benign
1126,0,92,152,248,96,32,32,0,benign
132,0,0,0,76,19,32,12,0,benign
817,192,0,229,101,10,0,0,2,benign
1034,192,0,0,5,14,7,134,0,benign
1126,0,92,156,248,96,32,32,0,benign
132,0,0,0,76,19,33,12,0,benign
817,192,0,229,102,10,0,0,2,benign
1126,0,92,160,248,96,32,32,0,benign
1034,192,0,0,5,14,7,146,0,benign
132,0,0,0,76,19,34,12,0,benign
817,192,0,229,103,10,0,0,2,benign
1126,0,92,164,248,96,32,32,0,benign
1034,192,0,0,5,14,7,158,0,benign
132,0,0,0,76,19,35,12,0,benign
817,192,0,229,104,10,0,0,2,benign
1126,0,92,168,248,96,32,32,0,benign
132,0,0,0,76,19,36,12,0,benign
1034,192,0,0,5,14,7,170,0,benign
817,192,0,229,105,10,0,0,2,benign
1126,0,92,172,248,96,32,32,0,benign
132,0,0,0,76,19,37,12,0,benign
817,192,0,229,106,10,0,0,2,benign
1034,192,0,0,5,14,7,182,0,benign
1126,0,92,176,248,96,32,32,0,benign
132,0,0,0,76,19,38,12,0,benign
817,192,0,229,107,10,0,0,2,benign
1034,192,0,0,5,14,7,194,0,benign
1126,0,92,180,248,96,32,32,0,benign
132,0,0,0,76,19,39,12,0,benign
817,192,0,229,108,10,0,0,2,benign
1126,0,92,184,248,96,32,32,0,benign
1034,192,0,0,5,14,7,206,0,benign
132,0,0,0,76,19,40,12,0,benign
817,192,0,229,109,10,0,0,2,benign
1126,0,92,188,248,96,32,32,0,benign
1034,192,0,0,5,14,7,218,0,benign
132,0,0,0,76,19,41,12,0,benign
817,192,0,229,110,10,0,0,2,benign
1126,0,92,192,248,96,32,32,0,benign
132,0,0,0,76,19,42,12,0,benign
1034,192,0,0,5,14,7,230,0,benign
817,192,0,229,111,10,0,0,2,benign
1126,0,92,196,248,96,32,32,0,benign
132,0,0,0,76,19,43,12,0,benign
817,192,0,229,112,10,0,0,2,benign
1034,192,0,0,5,14,7,242,0,benign
1126,0,92,200,248,96,32,32,0,benign
132,0,0,0,76,19,44,12,0,benign
817,192,0,229,113,10,0,0,2,benign
1034,192,0,0,5,14,7,254,0,benign
1126,0,92,204,248,96,32,32,0,benign
132,0,0,0,76,19,45,12,0,benign
817,192,0,229,114,10,0,0,2,benign
1126,0,92,208,248,96,32,32,0,benign
1034,192,0,0,5,14,8,10,0,benign
132,0,0,0,76,19,46,12,0,benign
817,192,0,229,115,10,0,0,2,benign
1126,0,92,212,248,96,32,32,0,benign
1034,192,0,0,5,14,8,22,0,benign
132,0,0,0,76,19,47,12,0,benign
817,192,0,229,116,10,0,0,2,benign
1126,0,92,216,248,96,32,32,0,benign
132,0,0,0,76,19,48,12,0,benign
1034,192,0,0,5,14,8,34,0,benign
817,192,0,229,117,10,0,0,2,benign
1126,0,92,220,248,96,32,32,0,benign
132,0,0,0,76,19,49,12,0,benign
817,192,0,229,118,10,0,0,2,benign
1034,192,0,0,5,14,8,46,0,benign
1126,0,92,224,248,96,32,32,0,benign
132,0,0,0,76,19,50,12,0,benign
817,192,0,229,119,10,0,0,2,benign
1034,192,0,0,5,14,8,58,0,benign
1126,0,92,228,248,96,32,32,0,benign
132,0,0,0,76,19,51,12,0,benign
817,192,0,229,120,10,0,0,2,benign
1126,0,92,232,248,96,32,32,0,benign
1034,192,0,0,5,14,8,70,0,benign
132,0,0,0,76,19,52,12,0,benign
817,192,0,229,121,10,0,0,2,benign
1126,0,92,236,248,96,32,32,0,benign
1034,192,0,0,5,14,8,82,0,benign
132,0,0,0,76,19,53,12,0,benign
817,192,0,229,122,10,0,0,2,benign
1126,0,96,0,248,96,32,32,0,benign
132,0,0,0,76,19,54,12,0,benign
1034,192,0,0,5,14,8,94,0,benign
817,192,0,229,123,10,0,0,2,benign
1126,0,96,4,248,96,32,32,0,benign
132,0,0,0,76,19,55,12,0,benign
817,192,0,229,124,10,0,0,2,benign
1034,192,0,0,5,14,8,106,0,benign
1126,0,96,8,248,96,32,32,0,benign
132,0,0,0,76,19,56,12,0,benign
817,192,0,229,125,10,0,0,2,benign
1034,192,0,0,5,14,8,118,0,benign
1126,0,96,12,248,96,32,32,0,benign
132,0,0,0,76,19,57,12,0,benign
817,192,0,229,126,10,0,0,2,benign
1126,0,96,16,248,96,32,32,0,benign
1034,192,0,0,5,14,8,130,0,benign
132,0,0,0,76,19,58,12,0,benign
817,192,0,229,127,10,0,0,2,benign
1126,0,96,20,248,96,32,32,0,benign
1034,192,0,0,5,14,8,142,0,benign
132,0,0,0,76,19,59,12,0,benign
817,192,0,229,128,10,0,0,2,benign
1126,0,96,24,248,96,32,32,0,benign
132,0,0,0,76,20,0,12,0,benign
1034,192,0,0,5,14,8,154,0,benign
817,192,0,229,129,10,0,0,2,benign
1126,0,96,28,248,96,32,32,0,benign
132,0,0,0,76,20,1,12,0,benign
817,192,0,229,130,10,0,0,2,benign
1034,192,0,0,5,14,8,166,0,benign
1126,0,96,32,248,96,32,32,0,benign
132,0,0,0,76,20,2,12,0,benign
817,192,0,229,131,10,0,0,2,benign
1034,192,0,0,5,14,8,178,0,benign
1126,0,96,36,248,96,32,32,0,benign
132,0,0,0,76,20,3,12,0,benign
817,192,0,229,132,10,0,0,2,benign
1126,0,96,40,248,96,32,32,0,benign
1034,192,0,0,5,14,8,190,0,benign
132,0,0,0,76,20,4,12,0,benign
817,192,0,229,133,10,0,0,2,benign
1126,0,96,44,248,96,32,32,0,benign
1034,192,0,0,5,14,8,202,0,benign
132,0,0,0,76,20,5,12,0,benign
817,192,0,229,134,10,0,0,2,benign
1126,0,96,48,248,96,32,32,0,benign
132,0,0,0,76,20,6,12,0,benign
1034,192,0,0,5,14,8,214,0,benign
817,192,0,229,135,10,0,0,2,benign
1126,0,96,52,248,96,32,32,0,benign
132,0,0,0,76,20,7,12,0,benign
817,192,0,229,136,10,0,0,2,benign
1034,192,0,0,5,14,8,226,0,benign
1126,0,96,56,248,96,32,32,0,benign
132,0,0,0,76,20,8,12,0,benign
817,192,0,229,137,10,0,0,2,benign
1034,192,0,0,5,14,8,238,0,benign
1126,0,96,60,248,96,32,32,0,benign
132,0,0,0,76,20,9,12,0,benign
817,192,0,229,138,10,0,0,2,benign
1126,0,96,64,248,96,32,32,0,benign
1034,192,0,0,5,14,8,250,0,benign
132,0,0,0,76,20,10,12,0,benign
817,192,0,229,139,10,0,0,2,benign
1126,0,96,68,248,96,32,32,0,benign
1034,192,0,0,5,14,9,6,0,benign
132,0,0,0,76,20,11,12,0,benign
817,192,0,229,140,10,0,0,2,benign
1126,0,96,72,248,96,32,32,0,benign
132,0,0,0,76,20,12,12,0,benign
1034,192,0,0,5,14,9,18,0,benign
817,192,0,229,141,10,0,0,2,benign
1126,0,96,76,248,96,32,32,0,benign
132,0,0,0,76,20,13,12,0,benign
817,192,0,229,142,10,0,0,2,benign
1034,192,0,0,5,14,9,30,0,benign
1126,0,96,80,248,96,32,32,0,benign
132,0,0,0,76,20,14,12,0,benign
817,192,0,229,143,10,0,0,2,benign
1077,40,32,0,20,0,36,41,0,benign
1077,124,112,8,92,0,32,41,0,benign
1034,192,0,0,5,14,9,42,0,benign
1126,0,96,84,248,96,32,32,0,benign
132,0,0,0,76,20,15,12,0,benign
817,192,0,229,144,10,0,0,2,benign
1126,0,96,88,248,96,32,32,0,benign
1034,192,0,0,5,14,9,54,0,benign
132,0,0,0,76,20,16,12,0,benign
817,192,0,229,145,10,0,0,2,benign
1126,0,96,92,248,96,32,32,0,benign
1034,192,0,0,5,14,9,66,0,benign
132,0,0,0,76,20,17,12,0,benign
817,192,0,229,146,10,0,0,2,benign
1126,0,96,96,248,96,32,32,0,benign
132,0,0,0,76,20,18,12,0,benign
1034,192,0,0,5,14,9,78,0,benign
817,192,0,229,147,10,0,0,2,benign
1126,0,96,100,248,96,32,32,0,benign
132,0,0,0,76,20,19,12,0,benign
817,192,0,229,148,10,0,0,2,benign
1034,192,0,0,5,14,9,90,0,benign
1126,0,96,104,248,96,32,32,0,benign
132,0,0,0,76,20,20,12,0,benign
817,192,0,229,149,10,0,0,2,benign
1034,192,0,0,5,14,9,102,0,benign
1126,0,96,108,248,96,32,32,0,benign
132,0,0,0,76,20,21,12,0,benign
817,192,0,229,150,10,0,0,2,benign
1126,0,96,112,248,96,32,32,0,benign
1034,192,0,0,5,14,9,114,0,benign
132,0,0,0,76,20,22,12,0,benign
817,192,0,229,151,10,0,0,2,benign
1126,0,96,116,248,96,32,32,0,benign
1034,192,0,0,5,14,9,126,0,benign
132,0,0,0,76,20,23,12,0,benign
817,192,0,229,152,10,0,0,2,benign
1126,0,96,120,248,96,32,32,0,benign
132,0,0,0,76,20,24,12,0,benign
1034,192,0,0,5,14,9,138,0,benign
817,192,0,229,153,10,0,0,2,benign
1126,0,96,124,248,96,32,32,0,benign
132,0,0,0,76,20,25,12,0,benign
817,192,0,229,154,10,0,0,2,benign
1034,192,0,0,5,14,9,150,0,benign
1126,0,96,128,248,96,32,32,0,benign
132,0,0,0,76,20,26,12,0,benign
817,192,0,229,155,10,0,0,2,benign
1034,192,0,0,5,14,9,162,0,benign
1126,0,96,132,248,96,32,32,0,benign
132,0,0,0,76,20,27,12,0,benign
817,192,0,229,156,10,0,0,2,benign
1126,0,96,136,248,96,32,32,0,benign
1034,192,0,0,5,14,9,174,0,benign
132,0,0,0,76,20,28,12,0,benign
817,192,0,229,157,10,0,0,2,benign
1126,0,96,140,248,96,32,32,0,benign
1034,192,0,0,5,14,9,186,0,benign
132,0,0,0,76,20,29,12,0,benign
817,192,0,229,158,10,0,0,2,benign
1126,0,96,144,248,96,32,32,0,benign
132,0,0,0,76,20,30,12,0,benign
1034,192,0,0,5,14,9,198,0,benign
817,192,0,229,159,10,0,0,2,benign
1126,0,96,148,248,96,32,32,0,benign
132,0,0,0,76,20,31,12,0,benign
817,192,0,229,160,10,0,0,2,benign
1034,192,0,0,5,14,9,210,0,benign
1126,0,96,152,248,96,32,32,0,benign
132,0,0,0,76,20,32,12,0,benign
817,192,0,229,161,10,0,0,2,benign
1034,192,0,0,5,14,9,222,0,benign
1126,0,96,156,248,96,32,32,0,benign
132,0,0,0,76,20,33,12,0,benign
817,192,0,229,162,10,0,0,2,benign
1126,0,96,160,248,96,32,32,0,benign
1034,192,0,0,5,14,9,234,0,benign
132,0,0,0,76,20,34,12,0,benign
817,192,0,229,163,10,0,0,2,benign
1126,0,96,164,248,96,32,32,0,benign
1034,192,0,0,5,14,9,246,0,benign
132,0,0,0,76,20,35,12,0,benign
817,192,0,229,164,10,0,0,2,benign
1072,129,0,7,52,100,1,0,2,benign
1076,36,0,16,0,15,255,2,64,benign
1077,40,32,8,24,0,0,32,0,benign
1126,0,96,168,248,96,32,32,0,benign
132,0,0,0,76,20,36,12,0,benign
1034,192,0,0,5,14,10,2,0,benign
817,192,0,229,165,10,0,0,2,benign
1076,36,0,16,0,15,255,2,96,benign
1077,40,32,8,28,0,0,33,0,benign
1126,0,96,172,248,96,32,32,0,benign
132,0,0,0,76,20,37,12,0,benign
817,192,0,229,166,10,0,0,2,benign
1034,192,0,0,5,14,10,14,0,benign
1126,0,96,176,248,96,32,32,0,benign
132,0,0,0,76,20,38,12,0,benign
817,192,0,229,167,10,0,0,2,benign
1034,192,0,0,5,14,10,26,0,benign
1126,0,96,180,248,96,32,32,0,benign
132,0,0,0,76,20,39,12,0,benign
817,192,0,229,168,10,0,0,2,benign
1126,0,96,184,248,96,32,32,0,benign
1034,192,0,0,5,14,10,38,0,benign
132,0,0,0,76,20,40,12,0,benign
817,192,0,229,169,10,0,0,2,benign
1126,0,96,188,248,96,32,32,0,benign
1034,192,0,0,5,14,10,50,0,benign
132,0,0,0,76,20,41,12,0,benign
817,192,0,229,170,10,0,0,2,benign
1126,0,96,192,248,96,32,32,0,benign
132,0,0,0,76,20,42,12,0,benign
1034,192,0,0,5,14,10,62,0,benign
817,192,0,229,171,10,0,0,2,benign
1126,0,96,196,248,96,32,32,0,benign
132,0,0,0,76,20,43,12,0,benign
817,192,0,229,172,10,0,0,2,benign
1034,192,0,0,5,14,10,74,0,benign
1126,0,96,200,248,96,32,32,0,benign
132,0,0,0,76,20,44,12,0,benign
817,192,0,229,173,10,0,0,2,benign
1034,192,0,0,5,14,10,86,0,benign
1126,0,96,204,248,96,32,32,0,benign
132,0,0,0,76,20,45,12,0,benign
817,192,0,229,174,10,0,0,2,benign
1126,0,96,208,248,96,32,32,0,benign
1034,192,0,0,5,14,10,98,0,benign
132,0,0,0,76,20,46,12,0,benign
817,192,0,229,175,10,0,0,2,benign
1126,0,96,212,248,96,32,32,0,benign
1034,192,0,0,5,14,10,110,0,benign
132,0,0,0,76,20,47,12,0,benign
817,192,0,229,176,10,0,0,2,benign
1126,0,96,216,248,96,32,32,0,benign
132,0,0,0,76,20,48,12,0,benign
1034,192,0,0,5,14,10,122,0,benign
817,192,0,229,177,10,0,0,2,benign
1126,0,96,220,248,96,32,32,0,benign
132,0,0,0,76,20,49,12,0,benign
817,192,0,229,178,10,0,0,2,benign
1034,192,0,0,5,14,10,134,0,benign
1126,0,96,224,248,96,32,32,0,benign
132,0,0,0,76,20,50,12,0,benign
817,192,0,229,179,10,0,0,2,benign
1034,192,0,0,5,14,10,146,0,benign
1126,0,96,228,248,96,32,32,0,benign
132,0,0,0,76,20,51,12,0,benign
817,192,0,229,180,10,0,0,2,benign
1126,0,96,232,248,96,32,32,0,benign
1034,192,0,0,5,14,10,158,0,benign
132,0,0,0,76,20,52,12,0,benign
817,192,0,229,181,10,0,0,2,benign
1126,0,96,236,248,96,32,32,0,benign
1034,192,0,0,5,14,10,170,0,benign
132,0,0,0,76,20,53,12,0,benign
817,192,0,229,182,10,0,0,2,benign
1126,0,100,0,248,96,32,32,0,benign
132,0,0,0,76,20,54,12,0,benign
1034,192,0,0,5,14,10,182,0,benign
817,192,0,229,183,10,0,0,2,benign
1077,40,32,0,16,0,0,32,0,benign
1126,0,100,4,248,96,32,32,0,benign
132,0,0,0,76,20,55,12,0,benign
817,192,0,229,184,10,0,0,2,benign
1034,192,0,0,5,14,10,194,0,benign
1126,0,100,8,248,96,32,32,0,benign
132,0,0,0,76,20,56,12,0,benign
817,192,0,229,185,10,0,0,2,benign
1076,36,0,16,0,15,255,2,100,benign
1077,124,112,8,92,0,4,33,0,benign
1034,192,0,0,5,14,10,206,0,benign
1126,0,100,12,248,96,32,32,0,benign
132,0,0,0,76,20,57,12,0,benign
817,192,0,229,186,10,0,0,2,benign
1076,36,0,16,0,15,255,2,68,benign
1077,124,112,8,88,0,4,32,0,benign
1126,0,100,16,248,96,32,32,0,benign
1034,192,0,0,5,14,10,218,0,benign
1072,133,0,7,52,100,1,4,2,benign
1076,36,0,20,0,15,255,2,64,benign
1077,40,32,8,24,0,32,40,0,benign
132,0,0,0,76,20,58,12,0,benign
817,192,0,229,187,10,0,0,2,benign
1077,40,32,0,16,0,32,40,0,benign
1076,36,0,20,0,15,255,2,68,benign
1077,124,112,8,88,0,36,40,0,benign
1126,0,100,20,248,96,32,32,0,benign
1034,192,0,0,5,14,10,230,0,benign
132,0,0,0,76,20,59,12,0,benign
817,192,0,229,188,10,0,0,2,benign
1126,0,100,24,248,96,32,32,0,benign
132,0,0,0,76,21,0,12,0,benign
1034,192,0,0,5,14,10,242,0,benign
817,192,0,229,189,10,0,0,2,benign
1126,0,100,28,248,96,32,32,0,benign
132,0,0,0,76,21,1,12,0,benign
817,192,0,229,190,10,0,0,2,benign
1034,192,0,0,5,14,10,254,0,benign
1126,0,100,32,248,96,32,32,0,benign
132,0,0,0,76,21,2,12,0,benign
817,192,0,229,191,10,0,0,2,benign
1034,192,0,0,5,14,11,10,0,benign
1126,0,100,36,248,96,32,32,0,benign
132,0,0,0,76,21,3,12,0,benign
817,192,0,229,192,10,0,0,2,benign
1126,0,100,40,248,96,32,32,0,benign
1034,192,0,0,5,14,11,22,0,benign
132,0,0,0,76,21,4,12,0,benign
817,192,0,229,193,10,0,0,2,benign
1126,0,100,44,248,96,32,32,0,benign
1034,192,0,0,5,14,11,34,0,benign
132,0,0,0,76,21,5,12,0,benign
817,192,0,229,194,10,0,0,2,benign
1126,0,100,48,248,96,32,32,0,benign
132,0,0,0,76,21,6,12,0,benign
1034,192,0,0,5,14,11,46,0,benign
817,192,0,229,195,10,0,0,2,benign
1126,0,100,52,248,96,32,32,0,benign
132,0,0,0,76,21,7,12,0,benign
817,192,0,229,196,10,0,0,2,benign
1034,192,0,0,5,14,11,58,0,benign
1126,0,100,56,248,96,32,32,0,benign
132,0,0,0,76,21,8,12,0,benign
817,192,0,229,197,10,0,0,2,benign
1034,192,0,0,5,14,11,70,0,benign
1126,0,100,60,248,96,32,32,0,benign
132,0,0,0,76,21,9,12,0,benign
817,192,0,229,198,10,0,0,2,benign
1126,0,100,64,248,96,32,32,0,benign
1034,192,0,0,5,14,11,82,0,benign
132,0,0,0,76,21,10,12,0,benign
817,192,0,229,199,10,0,0,2,benign
1126,0,100,68,248,96,32,32,0,benign
1034,192,0,0,5,14,11,94,0,benign
132,0,0,0,76,21,11,12,0,benign
817,192,0,229,200,10,0,0,2,benign
1126,0,100,72,248,96,32,32,0,benign
132,0,0,0,76,21,12,12,0,benign
1034,192,0,0,5,14,11,106,0,benign
817,192,0,229,201,10,0,0,2,benign
1126,0,100,76,248,96,32,32,0,benign
132,0,0,0,76,21,13,12,0,benign
817,192,0,229,202,10,0,0,2,benign
1034,192,0,0,5,14,11,118,0,benign
1126,0,100,80,248,96,32,32,0,benign
132,0,0,0,76,21,14,12,0,benign
817,192,0,229,203,10,0,0,2,benign
1034,192,0,0,5,14,11,130,0,benign
1126,0,100,84,248,96,32,32,0,benign
132,0,0,0,76,21,15,12,0,benign
817,192,0,229,204,10,0,0,2,benign
1126,0,100,88,248,96,32,32,0,benign
1034,192,0,0,5,14,11,142,0,benign
132,0,0,0,76,21,16,12,0,benign
817,192,0,229,205,10,0,0,2,benign
1126,0,100,92,248,96,32,32,0,benign
1034,192,0,0,5,14,11,154,0,benign
132,0,0,0,76,21,17,12,0,benign
817,192,0,229,206,10,0,0,2,benign
1126,0,100,96,248,96,32,32,0,benign
132,0,0,0,76,21,18,12,0,benign
1034,192,0,0,5,14,11,166,0,benign
817,192,0,229,207,10,0,0,2,benign
1126,0,100,100,248,96,32,32,0,benign
132,0,0,0,76,21,19,12,0,benign
817,192,0,229,208,10,0,0,2,benign
1034,192,0,0,5,14,11,178,0,benign
1126,0,100,104,248,96,32,32,0,benign
132,0,0,0,76,21,20,12,0,benign
817,192,0,229,209,10,0,0,2,benign
1034,192,0,0,5,14,11,190,0,benign
1126,0,100,108,248,96,32,32,0,benign
132,0,0,0,76,21,21,12,0,benign
817,192,0,229,210,10,0,0,2,benign
1126,0,100,112,248,96,32,32,0,benign
1034,192,0,0,5,14,11,202,0,benign
132,0,0,0,76,21,22,12,0,benign
817,192,0,229,211,10,0,0,2,benign
1126,0,100,116,248,96,32,32,0,benign
1034,192,0,0,5,14,11,214,0,benign
132,0,0,0,76,21,23,12,0,benign
817,192,0,229,212,10,0,0,2,benign
514,28,246,56,0,64,0,0,0,benign
514,28,244,72,0,64,0,0,0,benign
514,28,242,88,0,64,0,0,0,benign
514,28,240,104,0,64,0,0,0,benign
514,28,238,120,0,64,0,0,0,benign
514,28,252,8,0,64,0,0,0,benign
514,28,250,24,0,64,0,0,0,benign
514,28,248,40,0,64,0,0,0,benign
132,0,0,0,76,22,56,12,0,benign
817,192,0,230,49,10,0,0,2,benign
1126,0,108,12,248,96,32,32,0,benign
1034,192,0,0,5,14,15,126,0,benign
1200,255,0,128,0,240,0,24,237,benign
132,0,0,0,76,22,57,12,0,benign
817,192,0,230,50,10,0,0,2,benign
1126,0,108,16,248,96,32,32,0,benign
1034,192,0,0,5,14,15,138,0,benign
132,0,0,0,76,22,58,12,0,benign
817,192,0,230,51,10,0,0,2,benign
1126,0,108,20,248,96,32,32,0,benign
1034,192,0,0,5,14,15,150,0,benign
132,0,0,0,76,22,59,12,0,benign
817,192,0,230,52,10,0,0,2,benign
1126,0,108,24,248,96,32,32,0,benign
132,0,0,0,76,23,0,12,0,benign
1034,192,0,0,5,14,15,162,0,benign
817,192,0,230,53,10,0,0,2,benign
1126,0,108,28,248,96,32,32,0,benign
132,0,0,0,76,23,1,12,0,benign
817,192,0,230,54,10,0,0,2,benign
1034,192,0,0,5,14,15,174,0,benign
1126,0,108,32,248,96,32,32,0,benign
132,0,0,0,76,23,2,12,0,benign
817,192,0,230,55,10,0,0,2,benign
1126,0,108,36,248,96,32,32,0,benign
1034,192,0,0,5,14,15,186,0,benign
132,0,0,0,76,23,3,12,0,benign
817,192,0,230,56,10,0,0,2,benign
1126,0,108,40,248,96,32,32,0,benign
1034,192,0,0,5,14,15,198,0,benign
132,0,0,0,76,23,4,12,0,benign
817,192,0,230,57,10,0,0,2,benign
1126,0,108,44,248,96,32,32,0,benign
1034,192,0,0,5,14,15,210,0,benign
132,0,0,0,76,23,5,12,0,benign
817,192,0,230,58,10,0,0,2,benign
1126,0,108,48,248,96,32,32,0,benign
132,0,0,0,76,23,6,12,0,benign
1034,192,0,0,5,14,15,222,0,benign
817,192,0,230,59,10,0,0,2,benign
1126,0,108,52,248,96,32,32,0,benign
132,0,0,0,76,23,7,12,0,benign
817,192,0,230,60,10,0,0,2,benign
1034,192,0,0,5,14,15,234,0,benign
1126,0,108,56,248,96,32,32,0,benign
132,0,0,0,76,23,8,12,0,benign
817,192,0,230,61,10,0,0,2,benign
1126,0,108,60,248,96,32,32,0,benign
1034,192,0,0,5,14,15,246,0,benign
132,0,0,0,76,23,9,12,0,benign
817,192,0,230,62,10,0,0,2,benign
1126,0,108,64,248,96,32,32,0,benign
1034,192,0,0,5,14,16,2,0,benign
132,0,0,0,76,23,10,12,0,benign
817,192,0,230,63,10,0,0,2,benign
1126,0,108,68,248,96,32,32,0,benign
1034,192,0,0,5,14,16,14,0,benign
132,0,0,0,76,23,11,12,0,benign
817,192,0,230,64,10,0,0,2,benign
1126,0,108,72,248,96,32,32,0,benign
132,0,0,0,76,23,12,12,0,benign
1034,192,0,0,5,14,16,26,0,benign
817,192,0,230,65,10,0,0,2,benign
1126,0,108,76,248,96,32,32,0,benign
132,0,0,0,76,23,13,12,0,benign
817,192,0,230,66,10,0,0,2,benign
1034,192,0,0,5,14,16,38,0,benign
1126,0,108,80,248,96,32,32,0,benign
132,0,0,0,76,23,14,12,0,benign
817,192,0,230,67,10,0,0,2,benign
1126,0,108,84,248,96,32,32,0,benign
1034,192,0,0,5,14,16,50,0,benign
132,0,0,0,76,23,15,12,0,benign
817,192,0,230,68,10,0,0,2,benign
1126,0,108,88,248,96,32,32,0,benign
1034,192,0,0,5,14,16,62,0,benign
132,0,0,0,76,23,16,12,0,benign
817,192,0,230,69,10,0,0,2,benign
1126,0,108,92,248,96,32,32,0,benign
1034,192,0,0,5,14,16,74,0,benign
132,0,0,0,76,23,17,12,0,benign
817,192,0,230,70,10,0,0,2,benign
1126,0,108,96,248,96,32,32,0,benign
132,0,0,0,76,23,18,12,0,benign
1034,192,0,0,5,14,16,86,0,benign
817,192,0,230,71,10,0,0,2,benign
1126,0,108,100,248,96,32,32,0,benign
132,0,0,0,76,23,19,12,0,benign
817,192,0,230,72,10,0,0,2,benign
1034,192,0,0,5,14,16,98,0,benign
1126,0,108,104,248,96,32,32,0,benign
132,0,0,0,76,23,20,12,0,benign
817,192,0,230,73,10,0,0,2,benign
1126,0,108,108,248,96,32,32,0,benign
1034,192,0,0,5,14,16,110,0,benign
132,0,0,0,76,23,21,12,0,benign
817,192,0,230,74,10,0,0,2,benign
1126,0,108,112,248,96,32,32,0,benign
1034,192,0,0,5,14,16,122,0,benign
132,0,0,0,76,23,22,12,0,benign
817,192,0,230,75,10,0,0,2,benign
1126,0,108,116,248,96,32,32,0,benign
1034,192,0,0,5,14,16,134,0,benign
132,0,0,0,76,23,23,12,0,benign
817,192,0,230,76,10,0,0,2,benign
1126,0,108,120,248,96,32,32,0,benign
132,0,0,0,76,23,24,12,0,benign
1034,192,0,0,5,14,16,146,0,benign
817,192,0,230,77,10,0,0,2,benign
1126,0,108,124,248,96,32,32,0,benign
132,0,0,0,76,23,25,12,0,benign
817,192,0,230,78,10,0,0,2,benign
1034,192,0,0,5,14,16,158,0,benign
1126,0,108,128,248,96,32,32,0,benign
132,0,0,0,76,23,26,12,0,benign
817,192,0,230,79,10,0,0,2,benign
1126,0,108,132,248,96,32,32,0,benign
1034,192,0,0,5,14,16,170,0,benign
132,0,0,0,76,23,27,12,0,benign
817,192,0,230,80,10,0,0,2,benign
1126,0,108,136,248,96,32,32,0,benign
1034,192,0,0,5,14,16,182,0,benign
132,0,0,0,76,23,28,12,0,benign
817,192,0,230,81,10,0,0,2,benign
1126,0,108,140,248,96,32,32,0,benign
1034,192,0,0,5,14,16,194,0,benign
132,0,0,0,76,23,29,12,0,benign
817,192,0,230,82,10,0,0,2,benign
753,0,0,65,16,0,254,1,0,benign
1126,0,108,144,248,96,32,32,0,benign
132,0,0,0,76,23,30,12,0,benign
1034,192,0,0,5,14,16,206,0,benign
817,192,0,230,83,10,0,0,2,benign
1126,0,108,148,248,96,32,32,0,benign
132,0,0,0,76,23,31,12,0,benign
817,192,0,230,84,10,0,0,2,benign
1034,192,0,0,5,14,16,218,0,benign
1126,0,108,152,248,96,32,32,0,benign
132,0,0,0,76,23,32,12,0,benign
817,192,0,230,85,10,0,0,2,benign
1126,0,108,156,248,96,32,32,0,benign
1034,192,0,0,5,14,16,230,0,benign
132,0,0,0,76,23,33,12,0,benign
817,192,0,230,86,10,0,0,2,benign
1126,0,108,160,248,96,32,32,0,benign
1034,192,0,0,5,14,16,242,0,benign
132,0,0,0,76,23,34,12,0,benign
817,192,0,230,87,10,0,0,2,benign
1126,0,108,164,248,96,32,32,0,benign
1034,192,0,0,5,14,16,254,0,benign
132,0,0,0,76,23,35,12,0,benign
817,192,0,230,88,10,0,0,2,benign
753,0,0,80,16,0,254,1,0,benign
1126,0,108,168,248,96,32,32,0,benign
132,0,0,0,76,23,36,12,0,benign
1034,192,0,0,5,14,17,10,0,benign
817,192,0,230,89,10,0,0,2,benign
1126,0,108,172,248,96,32,32,0,benign
132,0,0,0,76,23,37,12,0,benign
817,192,0,230,90,10,0,0,2,benign
1034,192,0,0,5,14,17,22,0,benign
1126,0,108,176,248,96,32,32,0,benign
132,0,0,0,76,23,38,12,0,benign
817,192,0,230,91,10,0,0,2,benign
1126,0,108,180,248,96,32,32,0,benign
1034,192,0,0,5,14,17,34,0,benign
132,0,0,0,76,23,39,12,0,benign
817,192,0,230,92,10,0,0,2,benign
1126,0,108,184,248,96,32,32,0,benign
1034,192,0,0,5,14,17,46,0,benign
132,0,0,0,76,23,40,12,0,benign
817,192,0,230,93,10,0,0,2,benign
1126,0,108,188,248,96,32,32,0,benign
1034,192,0,0,5,14,17,58,0,benign
132,0,0,0,76,23,41,12,0,benign
817,192,0,230,94,10,0,0,2,benign
1126,0,108,192,248,96,32,32,0,benign
132,0,0,0,76,23,42,12,0,benign
1034,192,0,0,5,14,17,70,0,benign
817,192,0,230,95,10,0,0,2,benign
1126,0,108,196,248,96,32,32,0,benign
132,0,0,0,76,23,43,12,0,benign
817,192,0,230,96,10,0,0,2,benign
1034,192,0,0,5,14,17,82,0,benign
1126,0,108,200,248,96,32,32,0,benign
132,0,0,0,76,23,44,12,0,benign
817,192,0,230,97,10,0,0,2,benign
1126,0,108,204,248,96,32,32,0,benign
1034,192,0,0,5,14,17,94,0,benign
132,0,0,0,76,23,45,12,0,benign
817,192,0,230,98,10,0,0,2,benign
1126,0,108,208,248,96,32,32,0,benign
1034,192,0,0,5,14,17,106,0,benign
132,0,0,0,76,23,46,12,0,benign
817,192,0,230,99,10,0,0,2,benign
1126,0,108,212,248,96,32,32,0,benign
1034,192,0,0,5,14,17,118,0,benign
132,0,0,0,76,23,47,12,0,benign
817,192,0,230,100,10,0,0,2,benign
1126,0,108,216,248,96,32,32,0,benign
132,0,0,0,76,23,48,12,0,benign
1034,192,0,0,5,14,17,130,0,benign
817,192,0,230,101,10,0,0,2,benign
1126,0,108,220,248,96,32,32,0,benign
132,0,0,0,76,23,49,12,0,benign
817,192,0,230,102,10,0,0,2,benign
1034,192,0,0,5,14,17,142,0,benign
1126,0,108,224,248,96,32,32,0,benign
132,0,0,0,76,23,50,12,0,benign
817,192,0,230,103,10,0,0,2,benign
1126,0,108,228,248,96,32,32,0,benign
1034,192,0,0,5,14,17,154,0,benign
132,0,0,0,76,23,51,12,0,benign
817,192,0,230,104,10,0,0,2,benign
1126,0,108,232,248,96,32,32,0,benign
1034,192,0,0,5,14,17,166,0,benign
132,0,0,0,76,23,52,12,0,benign
817,192,0,230,105,10,0,0,2,benign
1126,0,108,236,248,96,32,32,0,benign
1034,192,0,0,5,14,17,178,0,benign
132,0,0,0,76,23,53,12,0,benign
817,192,0,230,106,10,0,0,2,benign
1126,0,112,0,248,96,32,32,0,benign
132,0,0,0,76,23,54,12,0,benign
1034,192,0,0,5,14,17,190,0,benign
817,192,0,230,107,10,0,0,2,benign
1126,0,112,4,248,96,32,32,0,benign
132,0,0,0,76,23,55,12,0,benign
817,192,0,230,108,10,0,0,2,benign
1034,192,0,0,5,14,17,202,0,benign
1126,0,112,8,248,96,32,32,0,benign
132,0,0,0,76,23,56,12,0,benign
817,192,0,230,109,10,0,0,2,benign
1126,0,112,12,248,96,32,32,0,benign
1034,192,0,0,5,14,17,214,0,benign
132,0,0,0,76,23,57,12,0,benign
817,192,0,230,110,10,0,0,2,benign
1126,0,112,16,248,96,32,32,0,benign
1034,192,0,0,5,14,17,226,0,benign
132,0,0,0,76,23,58,12,0,benign
817,192,0,230,111,10,0,0,2,benign
1126,0,112,20,248,96,32,32,0,benign
1034,192,0,0,5,14,17,238,0,benign
132,0,0,0,76,23,59,12,0,benign
817,192,0,230,112,10,0,0,2,benign
1126,0,112,24,248,96,32,32,0,benign
132,0,0,0,76,24,0,12,0,benign
1034,192,0,0,5,14,17,250,0,benign
817,192,0,230,113,10,0,0,2,benign
1126,0,112,28,248,96,32,32,0,benign
132,0,0,0,76,24,1,12,0,benign
817,192,0,230,114,10,0,0,2,benign
1034,192,0,0,5,14,18,6,0,benign
1126,0,112,32,248,96,32,32,0,benign
132,0,0,0,76,24,2,12,0,benign
817,192,0,230,115,10,0,0,2,benign
1126,0,112,36,248,96,32,32,0,benign
1034,192,0,0,5,14,18,18,0,benign
132,0,0,0,76,24,3,12,0,benign
817,192,0,230,116,10,0,0,2,benign
1126,0,112,40,248,96,32,32,0,benign
1034,192,0,0,5,14,18,30,0,benign
132,0,0,0,76,24,4,12,0,benign
817,192,0,230,117,10,0,0,2,benign
1126,0,112,44,248,96,32,32,0,benign
1034,192,0,0,5,14,18,42,0,benign
132,0,0,0,76,24,5,12,0,benign
817,192,0,230,118,10,0,0,2,benign
1126,0,112,48,248,96,32,32,0,benign
132,0,0,0,76,24,6,12,0,benign
1034,192,0,0,5,14,18,54,0,benign
817,192,0,230,119,10,0,0,2,benign
1126,0,112,52,248,96,32,32,0,benign
132,0,0,0,76,24,7,12,0,benign
817,192,0,230,120,10,0,0,2,benign
1034,192,0,0,5,14,18,66,0,benign
1126,0,112,56,248,96,32,32,0,benign
132,0,0,0,76,24,8,12,0,benign
817,192,0,230,121,10,0,0,2,benign
1126,0,112,60,248,96,32,32,0,benign
1034,192,0,0,5,14,18,78,0,benign
132,0,0,0,76,24,9,12,0,benign
817,192,0,230,122,10,0,0,2,benign
1126,0,112,64,248,96,32,32,0,benign
1034,192,0,0,5,14,18,90,0,benign
132,0,0,0,76,24,10,12,0,benign
817,192,0,230,123,10,0,0,2,benign
1126,0,112,68,248,96,32,32,0,benign
1034,192,0,0,5,14,18,102,0,benign
132,0,0,0,76,24,11,12,0,benign
817,192,0,230,124,10,0,0,2,benign
1126,0,112,72,248,96,32,32,0,benign
132,0,0,0,76,24,12,12,0,benign
1034,192,0,0,5,14,18,114,0,benign
817,192,0,230,125,10,0,0,2,benign
1126,0,112,76,248,96,32,32,0,benign
132,0,0,0,76,24,13,12,0,benign
817,192,0,230,126,10,0,0,2,benign
1034,192,0,0,5,14,18,126,0,benign
1126,0,112,80,248,96,32,32,0,benign
132,0,0,0,76,24,14,12,0,benign
817,192,0,230,127,10,0,0,2,benign
1126,0,112,84,248,96,32,32,0,benign
1034,192,0,0,5,14,18,138,0,benign
132,0,0,0,76,24,15,12,0,benign
817,192,0,230,128,10,0,0,2,benign
1126,0,112,88,248,96,32,32,0,benign
1034,192,0,0,5,14,18,150,0,benign
132,0,0,0,76,24,16,12,0,benign
817,192,0,230,129,10,0,0,2,benign
1126,0,112,92,248,96,32,32,0,benign
1034,192,0,0,5,14,18,162,0,benign
132,0,0,0,76,24,17,12,0,benign
817,192,0,230,130,10,0,0,2,benign
1126,0,112,96,248,96,32,32,0,benign
132,0,0,0,76,24,18,12,0,benign
1034,192,0,0,5,14,18,174,0,benign
817,192,0,230,131,10,0,0,2,benign
1126,0,112,100,248,96,32,32,0,benign
132,0,0,0,76,24,19,12,0,benign
817,192,0,230,132,10,0,0,2,benign
1034,192,0,0,5,14,18,186,0,benign
1126,0,112,104,248,96,32,32,0,benign
132,0,0,0,76,24,20,12,0,benign
817,192,0,230,133,10,0,0,2,benign
1126,0,112,108,248,96,32,32,0,benign
1034,192,0,0,5,14,18,198,0,benign
132,0,0,0,76,24,21,12,0,benign
817,192,0,230,134,10,0,0,2,benign
1126,0,112,112,248,96,32,32,0,benign
1034,192,0,0,5,14,18,210,0,benign
132,0,0,0,76,24,22,12,0,benign
817,192,0,230,135,10,0,0,2,benign
1126,0,112,116,248,96,32,32,0,benign
1034,192,0,0,5,14,18,222,0,benign
132,0,0,0,76,24,23,12,0,benign
817,192,0,230,136,10,0,0,2,benign
1126,0,112,120,248,96,32,32,0,benign
132,0,0,0,76,24,24,12,0,benign
1034,192,0,0,5,14,18,234,0,benign
817,192,0,230,137,10,0,0,2,benign
1126,0,112,124,248,96,32,32,0,benign
132,0,0,0,76,24,25,12,0,benign
817,192,0,230,138,10,0,0,2,benign
1034,192,0,0,5,14,18,246,0,benign
1126,0,112,128,248,96,32,32,0,benign
132,0,0,0,76,24,26,12,0,benign
817,192,0,230,139,10,0,0,2,benign
1126,0,112,132,248,96,32,32,0,benign
1034,192,0,0,5,14,19,2,0,benign
132,0,0,0,76,24,27,12,0,benign
817,192,0,230,140,10,0,0,2,benign
1126,0,112,136,248,96,32,32,0,benign
1034,192,0,0,5,14,19,14,0,benign
132,0,0,0,76,24,28,12,0,benign
817,192,0,230,141,10,0,0,2,benign
1126,0,112,140,248,96,32,32,0,benign
1034,192,0,0,5,14,19,26,0,benign
132,0,0,0,76,24,29,12,0,benign
817,192,0,230,142,10,0,0,2,benign
1126,0,112,144,248,96,32,32,0,benign
132,0,0,0,76,24,30,12,0,benign
1034,192,0,0,5,14,19,38,0,benign
817,192,0,230,143,10,0,0,2,benign
1126,0,112,148,248,96,32,32,0,benign
132,0,0,0,76,24,31,12,0,benign
817,192,0,230,144,10,0,0,2,benign
1034,192,0,0,5,14,19,50,0,benign
1126,0,112,152,248,96,32,32,0,benign
132,0,0,0,76,24,32,12,0,benign
817,192,0,230,145,10,0,0,2,benign
1126,0,112,156,248,96,32,32,0,benign
1034,192,0,0,5,14,19,62,0,benign
132,0,0,0,76,24,33,12,0,benign
817,192,0,230,146,10,0,0,2,benign
1126,0,112,160,248,96,32,32,0,benign
1034,192,0,0,5,14,19,74,0,benign
132,0,0,0,76,24,34,12,0,benign
817,192,0,230,147,10,0,0,2,benign
1126,0,112,164,248,96,32,32,0,benign
1034,192,0,0,5,14,19,86,0,benign
132,0,0,0,76,24,35,12,0,benign
817,192,0,230,148,10,0,0,2,benign
1126,0,112,168,248,96,32,32,0,benign
132,0,0,0,76,24,36,12,0,benign
1034,192,0,0,5,14,19,98,0,benign
817,192,0,230,149,10,0,0,2,benign
1126,0,112,172,248,96,32,32,0,benign
132,0,0,0,76,24,37,12,0,benign
817,192,0,230,150,10,0,0,2,benign
1034,192,0,0,5,14,19,110,0,benign
1126,0,112,176,248,96,32,32,0,benign
132,0,0,0,76,24,38,12,0,benign
817,192,0,230,151,10,0,0,2,benign
1126,0,112,180,248,96,32,32,0,benign
1034,192,0,0,5,14,19,122,0,benign
132,0,0,0,76,24,39,12,0,benign
817,192,0,230,152,10,0,0,2,benign
1126,0,112,184,248,96,32,32,0,benign
1034,192,0,0,5,14,19,134,0,benign
132,0,0,0,76,24,40,12,0,benign
817,192,0,230,153,10,0,0,2,benign
1126,0,112,188,248,96,32,32,0,benign
1034,192,0,0,5,14,19,146,0,benign
132,0,0,0,76,24,41,12,0,benign
817,192,0,230,154,10,0,0,2,benign
1126,0,112,192,248,96,32,32,0,benign
132,0,0,0,76,24,42,12,0,benign
1034,192,0,0,5,14,19,158,0,benign
817,192,0,230,155,10,0,0,2,benign
1126,0,112,196,248,96,32,32,0,benign
132,0,0,0,76,24,43,12,0,benign
817,192,0,230,156,10,0,0,2,benign
1034,192,0,0,5,14,19,170,0,benign
1126,0,112,200,248,96,32,32,0,benign
132,0,0,0,76,24,44,12,0,benign
817,192,0,230,157,10,0,0,2,benign
1126,0,112,204,248,96,32,32,0,benign
1034,192,0,0,5,14,19,182,0,benign
132,0,0,0,76,24,45,12,0,benign
817,192,0,230,158,10,0,0,2,benign
1126,0,112,208,248,96,32,32,0,benign
1034,192,0,0,5,14,19,194,0,benign
132,0,0,0,76,24,46,12,0,benign
817,192,0,230,159,10,0,0,2,benign
1126,0,112,212,248,96,32,32,0,benign
1034,192,0,0,5,14,19,206,0,benign
132,0,0,0,76,24,47,12,0,benign
817,192,0,230,160,10,0,0,2,benign
1126,0,112,216,248,96,32,32,0,benign
132,0,0,0,76,24,48,12,0,benign
1034,192,0,0,5,14,19,218,0,benign
817,192,0,230,161,10,0,0,2,benign
1126,0,112,220,248,96,32,32,0,benign
132,0,0,0,76,24,49,12,0,benign
817,192,0,230,162,10,0,0,2,benign
1034,192,0,0,5,14,19,230,0,benign
1126,0,112,224,248,96,32,32,0,benign
132,0,0,0,76,24,50,12,0,benign
817,192,0,230,163,10,0,0,2,benign
1126,0,112,228,248,96,32,32,0,benign
1034,192,0,0,5,14,19,242,0,benign
132,0,0,0,76,24,51,12,0,benign
817,192,0,230,164,10,0,0,2,benign
1126,0,112,232,248,96,32,32,0,benign
1034,192,0,0,5,14,19,254,0,benign
132,0,0,0,76,24,52,12,0,benign
817,192,0,230,165,10,0,0,2,benign
1126,0,112,236,248,96,32,32,0,benign
1034,192,0,0,5,14,20,10,0,benign
132,0,0,0,76,24,53,12,0,benign
817,192,0,230,166,10,0,0,2,benign
1126,0,116,0,248,96,32,32,0,benign
132,0,0,0,76,24,54,12,0,benign
1034,192,0,0,5,14,20,22,0,benign
817,192,0,230,167,10,0,0,2,benign
1126,0,116,4,248,96,32,32,0,benign
132,0,0,0,76,24,55,12,0,benign
817,192,0,230,168,10,0,0,2,benign
1034,192,0,0,5,14,20,34,0,benign
1126,0,116,8,248,96,32,32,0,benign
132,0,0,0,76,24,56,12,0,benign
817,192,0,230,169,10,0,0,2,benign
1126,0,116,12,248,96,32,32,0,benign
1034,192,0,0,5,14,20,46,0,benign
132,0,0,0,76,24,57,12,0,benign
817,192,0,230,170,10,0,0,2,benign
1126,0,116,16,248,96,32,32,0,benign
1034,192,0,0,5,14,20,58,0,benign
132,0,0,0,76,24,58,12,0,benign
817,192,0,230,171,10,0,0,2,benign
1126,0,116,20,248,96,32,32,0,benign
1034,192,0,0,5,14,20,70,0,benign
132,0,0,0,76,24,59,12,0,benign
817,192,0,230,172,10,0,0,2,benign
1126,0,116,24,248,96,32,32,0,benign
132,0,0,0,76,25,0,12,0,benign
1034,192,0,0,5,14,20,82,0,benign
817,192,0,230,173,10,0,0,2,benign
1126,0,116,28,248,96,32,32,0,benign
132,0,0,0,76,25,1,12,0,benign
817,192,0,230,174,10,0,0,2,benign
1034,192,0,0,5,14,20,94,0,benign
1126,0,116,32,248,96,32,32,0,benign
132,0,0,0,76,25,2,12,0,benign
817,192,0,230,175,10,0,0,2,benign
1126,0,116,36,248,96,32,32,0,benign
1034,192,0,0,5,14,20,106,0,benign
132,0,0,0,76,25,3,12,0,benign
817,192,0,230,176,10,0,0,2,benign
1126,0,116,40,248,96,32,32,0,benign
1034,192,0,0,5,14,20,118,0,benign
132,0,0,0,76,25,4,12,0,benign
817,192,0,230,177,10,0,0,2,benign
1126,0,116,44,248,96,32,32,0,benign
1034,192,0,0,5,14,20,130,0,benign
132,0,0,0,76,25,5,12,0,benign
817,192,0,230,178,10,0,0,2,benign
1126,0,116,48,248,96,32,32,0,benign
132,0,0,0,76,25,6,12,0,benign
1034,192,0,0,5,14,20,142,0,benign
817,192,0,230,179,10,0,0,2,benign
1126,0,116,52,248,96,32,32,0,benign
132,0,0,0,76,25,7,12,0,benign
817,192,0,230,180,10,0,0,2,benign
1034,192,0,0,5,14,20,154,0,benign
1126,0,116,56,248,96,32,32,0,benign
132,0,0,0,76,25,8,12,0,benign
817,192,0,230,181,10,0,0,2,benign
1126,0,116,60,248,96,32,32,0,benign
1034,192,0,0,5,14,20,166,0,benign
132,0,0,0,76,25,9,12,0,benign
817,192,0,230,182,10,0,0,2,benign
1126,0,116,64,248,96,32,32,0,benign
1034,192,0,0,5,14,20,178,0,benign
132,0,0,0,76,25,10,12,0,benign
817,192,0,230,183,10,0,0,2,benign
1126,0,116,68,248,96,32,32,0,benign
1034,192,0,0,5,14,20,190,0,benign
132,0,0,0,76,25,11,12,0,benign
817,192,0,230,184,10,0,0,2,benign
1126,0,116,72,248,96,32,32,0,benign
132,0,0,0,76,25,12,12,0,benign
1034,192,0,0,5,14,20,202,0,benign
817,192,0,230,185,10,0,0,2,benign
1126,0,116,76,248,96,32,32,0,benign
132,0,0,0,76,25,13,12,0,benign
817,192,0,230,186,10,0,0,2,benign
1034,192,0,0,5,14,20,214,0,benign
1126,0,116,80,248,96,32,32,0,benign
132,0,0,0,76,25,14,12,0,benign
817,192,0,230,187,10,0,0,2,benign
1126,0,116,84,248,96,32,32,0,benign
1034,192,0,0,5,14,20,226,0,benign
132,0,0,0,76,25,15,12,0,benign
817,192,0,230,188,10,0,0,2,benign
1126,0,116,88,248,96,32,32,0,benign
1034,192,0,0,5,14,20,238,0,benign
132,0,0,0,76,25,16,12,0,benign
817,192,0,230,189,10,0,0,2,benign
1126,0,116,92,248,96,32,32,0,benign
1034,192,0,0,5,14,20,250,0,benign
132,0,0,0,76,25,17,12,0,benign
817,192,0,230,190,10,0,0,2,benign
1126,0,116,96,248,96,32,32,0,benign
132,0,0,0,76,25,18,12,0,benign
1034,192,0,0,5,14,21,6,0,benign
817,192,0,230,191,10,0,0,2,benign
1126,0,116,100,248,96,32,32,0,benign
132,0,0,0,76,25,19,12,0,benign
817,192,0,230,192,10,0,0,2,benign
1034,192,0,0,5,14,21,18,0,benign
1126,0,116,104,248,96,32,32,0,benign
132,0,0,0,76,25,20,12,0,benign
817,192,0,230,193,10,0,0,2,benign
1126,0,116,108,248,96,32,32,0,benign
1034,192,0,0,5,14,21,30,0,benign
132,0,0,0,76,25,21,12,0,benign
817,192,0,230,194,10,0,0,2,benign
1126,0,116,112,248,96,32,32,0,benign
1034,192,0,0,5,14,21,42,0,benign
132,0,0,0,76,25,22,12,0,benign
817,192,0,230,195,10,0,0,2,benign
1126,0,116,116,248,96,32,32,0,benign
1034,192,0,0,5,14,21,54,0,benign
132,0,0,0,76,25,23,12,0,benign
817,192,0,230,196,10,0,0,2,benign
1126,0,116,120,248,96,32,32,0,benign
132,0,0,0,76,25,24,12,0,benign
1034,192,0,0,5,14,21,66,0,benign
817,192,0,230,197,10,0,0,2,benign
1126,0,116,124,248,96,32,32,0,benign
132,0,0,0,76,25,25,12,0,benign
817,192,0,230,198,10,0,0,2,benign
1034,192,0,0,5,14,21,78,0,benign
1126,0,116,128,248,96,32,32,0,benign
132,0,0,0,76,25,26,12,0,benign
817,192,0,230,199,10,0,0,2,benign
1126,0,116,132,248,96,32,32,0,benign
1034,192,0,0,5,14,21,90,0,benign
132,0,0,0,76,25,27,12,0,benign
817,192,0,230,200,10,0,0,2,benign
1126,0,116,136,248,96,32,32,0,benign
1034,192,0,0,5,14,21,102,0,benign
132,0,0,0,76,25,28,12,0,benign
817,192,0,230,201,10,0,0,2,benign
1126,0,116,140,248,96,32,32,0,benign
1034,192,0,0,5,14,21,114,0,benign
132,0,0,0,76,25,29,12,0,benign
817,192,0,230,202,10,0,0,2,benign
1126,0,116,144,248,96,32,32,0,benign
132,0,0,0,76,25,30,12,0,benign
1034,192,0,0,5,14,21,126,0,benign
817,192,0,230,203,10,0,0,2,benign
1126,0,116,148,248,96,32,32,0,benign
132,0,0,0,76,25,31,12,0,benign
817,192,0,230,204,10,0,0,2,benign
1034,192,0,0,5,14,21,138,0,benign
1126,0,116,152,248,96,32,32,0,benign
132,0,0,0,76,25,32,12,0,benign
817,192,0,230,205,10,0,0,2,benign
1126,0,116,156,248,96,32,32,0,benign
1034,192,0,0,5,14,21,150,0,benign
132,0,0,0,76,25,33,12,0,benign
817,192,0,230,206,10,0,0,2,benign
1126,0,116,160,248,96,32,32,0,benign
1034,192,0,0,5,14,21,162,0,benign
132,0,0,0,76,25,34,12,0,benign
817,192,0,230,207,10,0,0,2,benign
1126,0,116,164,248,96,32,32,0,benign
1034,192,0,0,5,14,21,174,0,benign
132,0,0,0,76,25,35,12,0,benign
817,192,0,230,208,10,0,0,2,benign
1126,0,116,168,248,96,32,32,0,benign
132,0,0,0,76,25,36,12,0,benign
1034,192,0,0,5,14,21,186,0,benign
817,192,0,230,209,10,0,0,2,benign
1126,0,116,172,248,96,32,32,0,benign
132,0,0,0,76,25,37,12,0,benign
817,192,0,230,210,10,0,0,2,benign
1034,192,0,0,5,14,21,198,0,benign
1126,0,116,176,248,96,32,32,0,benign
132,0,0,0,76,25,38,12,0,benign
817,192,0,230,211,10,0,0,2,benign
1126,0,116,180,248,96,32,32,0,benign
1034,192,0,0,5,14,21,210,0,benign
132,0,0,0,76,25,39,12,0,benign
817,192,0,230,212,10,0,0,2,benign
1126,0,116,184,248,96,32,32,0,benign
1034,192,0,0,5,14,21,222,0,benign
132,0,0,0,76,25,40,12,0,benign
817,192,0,230,213,10,0,0,2,benign
1126,0,116,188,248,96,32,32,0,benign
1034,192,0,0,5,14,21,234,0,benign
132,0,0,0,76,25,41,12,0,benign
817,192,0,230,214,10,0,0,2,benign
1126,0,116,192,248,96,32,32,0,benign
132,0,0,0,76,25,42,12,0,benign
1034,192,0,0,5,14,21,246,0,benign
817,192,0,230,215,10,0,0,2,benign
1126,0,116,196,248,96,32,32,0,benign
132,0,0,0,76,25,43,12,0,benign
817,192,0,230,216,10,0,0,2,benign
1034,192,0,0,5,14,22,2,0,benign
1126,0,116,200,248,96,32,32,0,benign
132,0,0,0,76,25,44,12,0,benign
817,192,0,230,217,10,0,0,2,benign
1126,0,116,204,248,96,32,32,0,benign
1034,192,0,0,5,14,22,14,0,benign
132,0,0,0,76,25,45,12,0,benign
817,192,0,230,218,10,0,0,2,benign
1126,0,116,208,248,96,32,32,0,benign
1034,192,0,0,5,14,22,26,0,benign
132,0,0,0,76,25,46,12,0,benign
817,192,0,230,219,10,0,0,2,benign
1126,0,116,212,248,96,32,32,0,benign
1034,192,0,0,5,14,22,38,0,benign
132,0,0,0,76,25,47,12,0,benign
817,192,0,230,220,10,0,0,2,benign
1126,0,116,216,248,96,32,32,0,benign
132,0,0,0,76,25,48,12,0,benign
1034,192,0,0,5,14,22,50,0,benign
817,192,0,230,221,10,0,0,2,benign
1126,0,116,220,248,96,32,32,0,benign
132,0,0,0,76,25,49,12,0,benign
817,192,0,230,222,10,0,0,2,benign
1034,192,0,0,5,14,22,62,0,benign
1126,0,116,224,248,96,32,32,0,benign
132,0,0,0,76,25,50,12,0,benign
817,192,0,230,223,10,0,0,2,benign
1126,0,116,228,248,96,32,32,0,benign
1034,192,0,0,5,14,22,74,0,benign
132,0,0,0,76,25,51,12,0,benign
817,192,0,230,224,10,0,0,2,benign
1126,0,116,232,248,96,32,32,0,benign
1034,192,0,0,5,14,22,86,0,benign
132,0,0,0,76,25,52,12,0,benign
817,192,0,230,225,10,0,0,2,benign
1126,0,116,236,248,96,32,32,0,benign
1034,192,0,0,5,14,22,98,0,benign
132,0,0,0,76,25,53,12,0,benign
817,192,0,230,226,10,0,0,2,benign
1126,0,120,0,248,96,32,32,0,benign
132,0,0,0,76,25,54,12,0,benign
1034,192,0,0,5,14,22,110,0,benign
817,192,0,230,227,10,0,0,2,benign
1126,0,120,4,248,96,32,32,0,benign
132,0,0,0,76,25,55,12,0,benign
817,192,0,230,228,10,0,0,2,benign
1034,192,0,0,5,14,22,122,0,benign
1126,0,120,8,248,96,32,32,0,benign
132,0,0,0,76,25,56,12,0,benign
817,192,0,230,229,10,0,0,2,benign
1126,0,120,12,248,96,32,32,0,benign
1034,192,0,0,5,14,22,134,0,benign
132,0,0,0,76,25,57,12,0,benign
817,192,0,230,230,10,0,0,2,benign
1126,0,120,16,248,96,32,32,0,benign
1034,192,0,0,5,14,22,146,0,benign
132,0,0,0,76,25,58,12,0,benign
817,192,0,230,231,10,0,0,2,benign
1126,0,120,20,248,96,32,32,0,benign
1034,192,0,0,5,14,22,158,0,benign
132,0,0,0,76,25,59,12,0,benign
817,192,0,230,232,10,0,0,2,benign
1126,0,120,24,248,96,32,32,0,benign
132,0,0,0,76,26,0,12,0,benign
1034,192,0,0,5,14,22,170,0,benign
817,192,0,230,233,10,0,0,2,benign
1126,0,120,28,248,96,32,32,0,benign
132,0,0,0,76,26,1,12,0,benign
817,192,0,230,234,10,0,0,2,benign
1034,192,0,0,5,14,22,182,0,benign
1126,0,120,32,248,96,32,32,0,benign
132,0,0,0,76,26,2,12,0,benign
817,192,0,230,235,10,0,0,2,benign
1126,0,120,36,248,96,32,32,0,benign
1034,192,0,0,5,14,22,194,0,benign
132,0,0,0,76,26,3,12,0,benign
817,192,0,230,236,10,0,0,2,benign
1126,0,120,40,248,96,32,32,0,benign
1034,192,0,0,5,14,22,206,0,benign
132,0,0,0,76,26,4,12,0,benign
817,192,0,230,237,10,0,0,2,benign
1126,0,120,44,248,96,32,32,0,benign
1034,192,0,0,5,14,22,218,0,benign
132,0,0,0,76,26,5,12,0,benign
817,192,0,230,238,10,0,0,2,benign
1126,0,120,48,248,96,32,32,0,benign
132,0,0,0,76,26,6,12,0,benign
1034,192,0,0,5,14,22,230,0,benign
817,192,0,230,239,10,0,0,2,benign
1126,0,120,52,248,96,32,32,0,benign
132,0,0,0,76,26,7,12,0,benign
817,192,0,230,240,10,0,0,2,benign
1034,192,0,0,5,14,22,242,0,benign
1126,0,120,56,248,96,32,32,0,benign
132,0,0,0,76,26,8,12,0,benign
817,192,0,230,241,10,0,0,2,benign
1126,0,120,60,248,96,32,32,0,benign
1034,192,0,0,5,14,22,254,0,benign
132,0,0,0,76,26,9,12,0,benign
817,192,0,230,242,10,0,0,2,benign
1126,0,120,64,248,96,32,32,0,benign
1034,192,0,0,5,14,23,10,0,benign
132,0,0,0,76,26,10,12,0,benign
817,192,0,230,243,10,0,0,2,benign
1126,0,120,68,248,96,32,32,0,benign
1034,192,0,0,5,14,23,22,0,benign
132,0,0,0,76,26,11,12,0,benign
817,192,0,230,244,10,0,0,2,benign
1126,0,120,72,248,96,32,32,0,benign
132,0,0,0,76,26,12,12,0,benign
1034,192,0,0,5,14,23,34,0,benign
817,192,0,230,245,10,0,0,2,benign
1126,0,120,76,248,96,32,32,0,benign
132,0,0,0,76,26,13,12,0,benign
817,192,0,230,246,10,0,0,2,benign
1034,192,0,0,5,14,23,46,0,benign
1126,0,120,80,248,96,32,32,0,benign
132,0,0,0,76,26,14,12,0,benign
817,192,0,230,247,10,0,0,2,benign
1126,0,120,84,248,96,32,32,0,benign
1034,192,0,0,5,14,23,58,0,benign
132,0,0,0,76,26,15,12,0,benign
817,192,0,230,248,10,0,0,2,benign
1126,0,120,88,248,96,32,32,0,benign
1034,192,0,0,5,14,23,70,0,benign
132,0,0,0,76,26,16,12,0,benign
817,192,0,230,249,10,0,0,2,benign
1126,0,120,92,248,96,32,32,0,benign
1034,192,0,0,5,14,23,82,0,benign
132,0,0,0,76,26,17,12,0,benign
817,192,0,230,250,10,0,0,2,benign
1126,0,120,96,248,96,32,32,0,benign
132,0,0,0,76,26,18,12,0,benign
1034,192,0,0,5,14,23,94,0,benign
817,192,0,230,251,10,0,0,2,benign
1126,0,120,100,248,96,32,32,0,benign
132,0,0,0,76,26,19,12,0,benign
817,192,0,230,252,10,0,0,2,benign
1034,192,0,0,5,14,23,106,0,benign
1126,0,120,104,248,96,32,32,0,benign
132,0,0,0,76,26,20,12,0,benign
817,192,0,230,253,10,0,0,2,benign
1126,0,120,108,248,96,32,32,0,benign
1034,192,0,0,5,14,23,118,0,benign
132,0,0,0,76,26,21,12,0,benign
817,192,0,230,254,10,0,0,2,benign
1126,0,120,112,248,96,32,32,0,benign
1034,192,0,0,5,14,23,130,0,benign
132,0,0,0,76,26,22,12,0,benign
817,192,0,230,255,10,0,0,2,benign
1126,0,120,116,248,96,32,32,0,benign
1034,192,0,0,5,14,23,142,0,benign
132,0,0,0,76,26,23,12,0,benign
817,192,0,231,0,10,0,0,2,benign
1126,0,120,120,248,96,32,32,0,benign
132,0,0,0,76,26,24,12,0,benign
1034,192,0,0,5,14,23,154,0,benign
817,192,0,231,1,10,0,0,2,benign
1126,0,120,124,248,96,32,32,0,benign
132,0,0,0,76,26,25,12,0,benign
817,192,0,231,2,10,0,0,2,benign
1034,192,0,0,5,14,23,166,0,benign
1126,0,120,128,248,96,32,32,0,benign
132,0,0,0,76,26,26,12,0,benign
817,192,0,231,3,10,0,0,2,benign
1126,0,120,132,248,96,32,32,0,benign
1034,192,0,0,5,14,23,178,0,benign
132,0,0,0,76,26,27,12,0,benign
817,192,0,231,4,10,0,0,2,benign
1126,0,120,136,248,96,32,32,0,benign
1034,192,0,0,5,14,23,190,0,benign
132,0,0,0,76,26,28,12,0,benign
817,192,0,231,5,10,0,0,2,benign
1126,0,120,140,248,96,32,32,0,benign
1034,192,0,0,5,14,23,202,0,benign
132,0,0,0,76,26,29,12,0,benign
817,192,0,231,6,10,0,0,2,benign
1126,0,120,144,248,96,32,32,0,benign
132,0,0,0,76,26,30,12,0,benign
1034,192,0,0,5,14,23,214,0,benign
817,192,0,231,7,10,0,0,2,benign
1126,0,120,148,248,96,32,32,0,benign
132,0,0,0,76,26,31,12,0,benign
817,192,0,231,8,10,0,0,2,benign
1034,192,0,0,5,14,23,226,0,benign
1126,0,120,152,248,96,32,32,0,benign
132,0,0,0,76,26,32,12,0,benign
817,192,0,231,9,10,0,0,2,benign
1126,0,120,156,248,96,32,32,0,benign
1034,192,0,0,5,14,23,238,0,benign
132,0,0,0,76,26,33,12,0,benign
817,192,0,231,10,10,0,0,2,benign
1126,0,120,160,248,96,32,32,0,benign
1034,192,0,0,5,14,23,250,0,benign
132,0,0,0,76,26,34,12,0,benign
817,192,0,231,11,10,0,0,2,benign
1126,0,120,164,248,96,32,32,0,benign
1034,192,0,0,5,14,24,6,0,benign
132,0,0,0,76,26,35,12,0,benign
817,192,0,231,12,10,0,0,2,benign
1126,0,120,168,248,96,32,32,0,benign
132,0,0,0,76,26,36,12,0,benign
1034,192,0,0,5,14,24,18,0,benign
817,192,0,231,13,10,0,0,2,benign
1126,0,120,172,248,96,32,32,0,benign
132,0,0,0,76,26,37,12,0,benign
817,192,0,231,14,10,0,0,2,benign
1034,192,0,0,5,14,24,30,0,benign
1126,0,120,176,248,96,32,32,0,benign
132,0,0,0,76,26,38,12,0,benign
817,192,0,231,15,10,0,0,2,benign
1126,0,120,180,248,96,32,32,0,benign
1034,192,0,0,5,14,24,42,0,benign
132,0,0,0,76,26,39,12,0,benign
817,192,0,231,16,10,0,0,2,benign
1126,0,120,184,248,96,32,32,0,benign
1034,192,0,0,5,14,24,54,0,benign
1077,40,32,13,28,0,0,33,0,benign
132,0,0,0,76,26,40,12,0,benign
817,192,0,231,17,10,0,0,2,benign
1126,0,120,188,248,96,32,32,0,benign
1034,192,0,0,5,14,24,66,0,benign
1072,129,0,7,52,100,5,0,2,benign
1077,40,32,13,24,0,0,32,0,benign
132,0,0,0,76,26,41,12,0,benign
817,192,0,231,18,10,0,0,2,benign
1126,0,120,192,248,96,32,32,0,benign
132,0,0,0,76,26,42,12,0,benign
1034,192,0,0,5,14,24,78,0,benign
817,192,0,231,19,10,0,0,2,benign
1126,0,120,196,248,96,32,32,0,benign
132,0,0,0,76,26,43,12,0,benign
817,192,0,231,20,10,0,0,2,benign
1034,192,0,0,5,14,24,90,0,benign
1126,0,120,200,248,96,32,32,0,benign
132,0,0,0,76,26,44,12,0,benign
817,192,0,231,21,10,0,0,2,benign
1126,0,120,204,248,96,32,32,0,benign
1034,192,0,0,5,14,24,102,0,benign
132,0,0,0,76,26,45,12,0,benign
817,192,0,231,22,10,0,0,2,benign
1126,0,120,208,248,96,32,32,0,benign
1034,192,0,0,5,14,24,114,0,benign
132,0,0,0,76,26,46,12,0,benign
817,192,0,231,23,10,0,0,2,benign
1126,0,120,212,248,96,32,32,0,benign
1034,192,0,0,5,14,24,126,0,benign
132,0,0,0,76,26,47,12,0,benign
817,192,0,231,24,10,0,0,2,benign
1126,0,120,216,248,96,32,32,0,benign
132,0,0,0,76,26,48,12,0,benign
1034,192,0,0,5,14,24,138,0,benign
817,192,0,231,25,10,0,0,2,benign
1126,0,120,220,248,96,32,32,0,benign
132,0,0,0,76,26,49,12,0,benign
817,192,0,231,26,10,0,0,2,benign
1034,192,0,0,5,14,24,150,0,benign
1126,0,120,224,248,96,32,32,0,benign
132,0,0,0,76,26,50,12,0,benign
817,192,0,231,27,10,0,0,2,benign
1077,124,112,8,28,0,4,33,0,benign
1126,0,120,228,248,96,32,32,0,benign
1034,192,0,0,5,14,24,162,0,benign
132,0,0,0,76,26,51,12,0,benign
817,192,0,231,28,10,0,0,2,benign
1077,124,112,8,24,0,4,32,0,benign
1126,0,120,232,248,96,32,32,0,benign
1034,192,0,0,5,14,24,174,0,benign
132,0,0,0,76,26,52,12,0,benign
817,192,0,231,29,10,0,0,2,benign
1126,0,120,236,248,96,32,32,0,benign
1034,192,0,0,5,14,24,186,0,benign
132,0,0,0,76,26,53,12,0,benign
817,192,0,231,30,10,0,0,2,benign
1126,0,124,0,248,96,32,32,0,benign
132,0,0,0,76,26,54,12,0,benign
1034,192,0,0,5,14,24,198,0,benign
817,192,0,231,31,10,0,0,2,benign
1126,0,124,4,248,96,32,32,0,benign
132,0,0,0,76,26,55,12,0,benign
817,192,0,231,32,10,0,0,2,benign
1034,192,0,0,5,14,24,210,0,benign
1126,0,124,8,248,96,32,32,0,benign
132,0,0,0,76,26,56,12,0,benign
817,192,0,231,33,10,0,0,2,benign
1126,0,124,12,248,96,32,32,0,benign
1034,192,0,0,5,14,24,222,0,benign
132,0,0,0,76,26,57,12,0,benign
817,192,0,231,34,10,0,0,2,benign
1126,0,124,16,248,96,32,32,0,benign
1034,192,0,0,5,14,24,234,0,benign
132,0,0,0,76,26,58,12,0,benign
817,192,0,231,35,10,0,0,2,benign
1126,0,124,20,248,96,32,32,0,benign
1034,192,0,0,5,14,24,246,0,benign
1077,40,32,5,16,0,0,32,0,benign
132,0,0,0,76,26,59,12,0,benign
817,192,0,231,36,10,0,0,2,benign
1126,0,124,24,248,96,32,32,0,benign
132,0,0,0,76,27,0,12,0,benign
1034,192,0,0,5,14,25,2,0,benign
817,192,0,231,37,10,0,0,2,benign
1126,0,124,28,248,96,32,32,0,benign
132,0,0,0,76,27,1,12,0,benign
817,192,0,231,38,10,0,0,2,benign
1034,192,0,0,5,14,25,14,0,benign
1126,0,124,32,248,96,32,32,0,benign
132,0,0,0,76,27,2,12,0,benign
817,192,0,231,39,10,0,0,2,benign
1126,0,124,36,248,96,32,32,0,benign
1034,192,0,0,5,14,25,26,0,benign
132,0,0,0,76,27,3,12,0,benign
817,192,0,231,40,10,0,0,2,benign
1126,0,124,40,248,96,32,32,0,benign
1034,192,0,0,5,14,25,38,0,benign
132,0,0,0,76,27,4,12,0,benign
817,192,0,231,41,10,0,0,2,benign
1126,0,124,44,248,96,32,32,0,benign
1034,192,0,0,5,14,25,50,0,benign
132,0,0,0,76,27,5,12,0,benign
817,192,0,231,42,10,0,0,2,benign
1126,0,124,48,248,96,32,32,0,benign
132,0,0,0,76,27,6,12,0,benign
1034,192,0,0,5,14,25,62,0,benign
817,192,0,231,43,10,0,0,2,benign
1126,0,124,52,248,96,32,32,0,benign
132,0,0,0,76,27,7,12,0,benign
817,192,0,231,44,10,0,0,2,benign
1034,192,0,0,5,14,25,74,0,benign
1126,0,124,56,248,96,32,32,0,benign
132,0,0,0,76,27,8,12,0,benign
817,192,0,231,45,10,0,0,2,benign
1126,0,124,60,248,96,32,32,0,benign
1034,192,0,0,5,14,25,86,0,benign
132,0,0,0,76,27,9,12,0,benign
817,192,0,231,46,10,0,0,2,benign
1126,0,124,64,248,96,32,32,0,benign
1034,192,0,0,5,14,25,98,0,benign
132,0,0,0,76,27,10,12,0,benign
817,192,0,231,47,10,0,0,2,benign
1126,0,124,68,248,96,32,32,0,benign
1034,192,0,0,5,14,25,110,0,benign
132,0,0,0,76,27,11,12,0,benign
817,192,0,231,48,10,0,0,2,benign
1126,0,124,72,248,96,32,32,0,benign
132,0,0,0,76,27,12,12,0,benign
1034,192,0,0,5,14,25,122,0,benign
817,192,0,231,49,10,0,0,2,benign
1126,0,124,76,248,96,32,32,0,benign
132,0,0,0,76,27,13,12,0,benign
817,192,0,231,50,10,0,0,2,benign
1034,192,0,0,5,14,25,134,0,benign
1126,0,124,80,248,96,32,32,0,benign
132,0,0,0,76,27,14,12,0,benign
817,192,0,231,51,10,0,0,2,benign
1126,0,124,84,248,96,32,32,0,benign
1034,192,0,0,5,14,25,146,0,benign
132,0,0,0,76,27,15,12,0,benign
817,192,0,231,52,10,0,0,2,benign
1126,0,124,88,248,96,32,32,0,benign
1034,192,0,0,5,14,25,158,0,benign
132,0,0,0,76,27,16,12,0,benign
817,192,0,231,53,10,0,0,2,benign
1126,0,124,92,248,96,32,32,0,benign
1034,192,0,0,5,14,25,170,0,benign
132,0,0,0,76,27,17,12,0,benign
817,192,0,231,54,10,0,0,2,benign
1126,0,124,96,248,96,32,32,0,benign
132,0,0,0,76,27,18,12,0,benign
1034,192,0,0,5,14,25,182,0,benign
817,192,0,231,55,10,0,0,2,benign
1126,0,124,100,248,96,32,32,0,benign
132,0,0,0,76,27,19,12,0,benign
817,192,0,231,56,10,0,0,2,benign
1034,192,0,0,5,14,25,194,0,benign
1126,0,124,104,248,96,32,32,0,benign
132,0,0,0,76,27,20,12,0,benign
817,192,0,231,57,10,0,0,2,benign
1126,0,124,108,248,96,32,32,0,benign
1034,192,0,0,5,14,25,206,0,benign
132,0,0,0,76,27,21,12,0,benign
817,192,0,231,58,10,0,0,2,benign
1126,0,124,112,248,96,32,32,0,benign
1034,192,0,0,5,14,25,218,0,benign
132,0,0,0,76,27,22,12,0,benign
817,192,0,231,59,10,0,0,2,benign
1126,0,124,116,248,96,32,32,0,benign
1034,192,0,0,5,14,25,230,0,benign
132,0,0,0,76,27,23,12,0,benign
817,192,0,231,60,10,0,0,2,benign
1126,0,124,120,248,96,32,32,0,benign
132,0,0,0,76,27,24,12,0,benign
1034,192,0,0,5,14,25,242,0,benign
817,192,0,231,61,10,0,0,2,benign
1126,0,124,124,248,96,32,32,0,benign
132,0,0,0,76,27,25,12,0,benign
817,192,0,231,62,10,0,0,2,benign
1034,192,0,0,5,14,25,254,0,benign
1126,0,124,128,248,96,32,32,0,benign
132,0,0,0,76,27,26,12,0,benign
817,192,0,231,63,10,0,0,2,benign
1126,0,124,132,248,96,32,32,0,benign
1034,192,0,0,5,14,26,10,0,benign
132,0,0,0,76,27,27,12,0,benign
817,192,0,231,64,10,0,0,2,benign
1126,0,124,136,248,96,32,32,0,benign
1034,192,0,0,5,14,26,22,0,benign
132,0,0,0,76,27,28,12,0,benign
817,192,0,231,65,10,0,0,2,benign
1126,0,124,140,248,96,32,32,0,benign
1034,192,0,0,5,14,26,34,0,benign
132,0,0,0,76,27,29,12,0,benign
817,192,0,231,66,10,0,0,2,benign
1126,0,124,144,248,96,32,32,0,benign
132,0,0,0,76,27,30,12,0,benign
1034,192,0,0,5,14,26,46,0,benign
817,192,0,231,67,10,0,0,2,benign
1126,0,124,148,248,96,32,32,0,benign
132,0,0,0,76,27,31,12,0,benign
817,192,0,231,68,10,0,0,2,benign
1034,192,0,0,5,14,26,58,0,benign
1126,0,124,152,248,96,32,32,0,benign
132,0,0,0,76,27,32,12,0,benign
817,192,0,231,69,10,0,0,2,benign
1126,0,124,156,248,96,32,32,0,benign
1034,192,0,0,5,14,26,70,0,benign
132,0,0,0,76,27,33,12,0,benign
817,192,0,231,70,10,0,0,2,benign
1126,0,124,160,248,96,32,32,0,benign
1034,192,0,0,5,14,26,82,0,benign
132,0,0,0,76,27,34,12,0,benign
817,192,0,231,71,10,0,0,2,benign
1126,0,124,164,248,96,32,32,0,benign
1034,192,0,0,5,14,26,94,0,benign
132,0,0,0,76,27,35,12,0,benign
817,192,0,231,72,10,0,0,2,benign
1126,0,124,168,248,96,32,32,0,benign
132,0,0,0,76,27,36,12,0,benign
1034,192,0,0,5,14,26,106,0,benign
817,192,0,231,73,10,0,0,2,benign
1126,0,124,172,248,96,32,32,0,benign
132,0,0,0,76,27,37,12,0,benign
817,192,0,231,74,10,0,0,2,benign
1034,192,0,0,5,14,26,118,0,benign
1126,0,124,176,248,96,32,32,0,benign
132,0,0,0,76,27,38,12,0,benign
817,192,0,231,75,10,0,0,2,benign
1126,0,124,180,248,96,32,32,0,benign
1034,192,0,0,5,14,26,130,0,benign
132,0,0,0,76,27,39,12,0,benign
817,192,0,231,76,10,0,0,2,benign
1126,0,124,184,248,96,32,32,0,benign
1034,192,0,0,5,14,26,142,0,benign
132,0,0,0,76,27,40,12,0,benign
817,192,0,231,77,10,0,0,2,benign
1126,0,124,188,248,96,32,32,0,benign
1034,192,0,0,5,14,26,154,0,benign
132,0,0,0,76,27,41,12,0,benign
817,192,0,231,78,10,0,0,2,benign
1126,0,124,192,248,96,32,32,0,benign
132,0,0,0,76,27,42,12,0,benign
1034,192,0,0,5,14,26,166,0,benign
817,192,0,231,79,10,0,0,2,benign
1126,0,124,196,248,96,32,32,0,benign
132,0,0,0,76,27,43,12,0,benign
817,192,0,231,80,10,0,0,2,benign
1034,192,0,0,5,14,26,178,0,benign
1126,0,124,200,248,96,32,32,0,benign
132,0,0,0,76,27,44,12,0,benign
817,192,0,231,81,10,0,0,2,benign
1126,0,124,204,248,96,32,32,0,benign
1034,192,0,0,5,14,26,190,0,benign
132,0,0,0,76,27,45,12,0,benign
817,192,0,231,82,10,0,0,2,benign
1126,0,124,208,248,96,32,32,0,benign
1034,192,0,0,5,14,26,202,0,benign
132,0,0,0,76,27,46,12,0,benign
817,192,0,231,83,10,0,0,2,benign
1126,0,124,212,248,96,32,32,0,benign
1034,192,0,0,5,14,26,214,0,benign
132,0,0,0,76,27,47,12,0,benign
817,192,0,231,84,10,0,0,2,benign
1126,0,124,216,248,96,32,32,0,benign
132,0,0,0,76,27,48,12,0,benign
1034,192,0,0,5,14,26,226,0,benign
817,192,0,231,85,10,0,0,2,benign
1126,0,124,220,248,96,32,32,0,benign
132,0,0,0,76,27,49,12,0,benign
817,192,0,231,86,10,0,0,2,benign
1034,192,0,0,5,14,26,238,0,benign
1126,0,124,224,248,96,32,32,0,benign
132,0,0,0,76,27,50,12,0,benign
817,192,0,231,87,10,0,0,2,benign
1126,0,124,228,248,96,32,32,0,benign
1034,192,0,0,5,14,26,250,0,benign
132,0,0,0,76,27,51,12,0,benign
817,192,0,231,88,10,0,0,2,benign
1126,0,124,232,248,96,32,32,0,benign
1034,192,0,0,5,14,27,6,0,benign
132,0,0,0,76,27,52,12,0,benign
817,192,0,231,89,10,0,0,2,benign
1126,0,124,236,248,96,32,32,0,benign
1034,192,0,0,5,14,27,18,0,benign
132,0,0,0,76,27,53,12,0,benign
817,192,0,231,90,10,0,0,2,benign
1126,0,128,0,248,96,32,32,0,benign
132,0,0,0,76,27,54,12,0,benign
1034,192,0,0,5,14,27,30,0,benign
817,192,0,231,91,10,0,0,2,benign
1126,0,128,4,248,96,32,32,0,benign
132,0,0,0,76,27,55,12,0,benign
817,192,0,231,92,10,0,0,2,benign
1034,192,0,0,5,14,27,42,0,benign
1126,0,128,8,248,96,32,32,0,benign
132,0,0,0,76,27,56,12,0,benign
817,192,0,231,93,10,0,0,2,benign
1126,0,128,12,248,96,32,32,0,benign
1034,192,0,0,5,14,27,54,0,benign
132,0,0,0,76,27,57,12,0,benign
817,192,0,231,94,10,0,0,2,benign
1126,0,128,16,248,96,32,32,0,benign
1034,192,0,0,5,14,27,66,0,benign
132,0,0,0,76,27,58,12,0,benign
817,192,0,231,95,10,0,0,2,benign
1126,0,128,20,248,96,32,32,0,benign
1034,192,0,0,5,14,27,78,0,benign
132,0,0,0,76,27,59,12,0,benign
817,192,0,231,96,10,0,0,2,benign
1126,0,128,24,248,96,32,32,0,benign
132,0,0,0,76,28,0,12,0,benign
1034,192,0,0,5,14,27,90,0,benign
817,192,0,231,97,10,0,0,2,benign
1126,0,128,28,248,96,32,32,0,benign
132,0,0,0,76,28,1,12,0,benign
817,192,0,231,98,10,0,0,2,benign
1034,192,0,0,5,14,27,102,0,benign
1126,0,128,32,248,96,32,32,0,benign
132,0,0,0,76,28,2,12,0,benign
817,192,0,231,99,10,0,0,2,benign
1126,0,128,36,248,96,32,32,0,benign
1034,192,0,0,5,14,27,114,0,benign
132,0,0,0,76,28,3,12,0,benign
817,192,0,231,100,10,0,0,2,benign
1126,0,128,40,248,96,32,32,0,benign
1034,192,0,0,5,14,27,126,0,benign
132,0,0,0,76,28,4,12,0,benign
817,192,0,231,101,10,0,0,2,benign
1126,0,128,44,248,96,32,32,0,benign
1034,192,0,0,5,14,27,138,0,benign
132,0,0,0,76,28,5,12,0,benign
817,192,0,231,102,10,0,0,2,benign
1126,0,128,48,248,96,32,32,0,benign
132,0,0,0,76,28,6,12,0,benign
1034,192,0,0,5,14,27,150,0,benign
817,192,0,231,103,10,0,0,2,benign
1126,0,128,52,248,96,32,32,0,benign
132,0,0,0,76,28,7,12,0,benign
817,192,0,231,104,10,0,0,2,benign
1034,192,0,0,5,14,27,162,0,benign
1126,0,128,56,248,96,32,32,0,benign
132,0,0,0,76,28,8,12,0,benign
817,192,0,231,105,10,0,0,2,benign
1126,0,128,60,248,96,32,32,0,benign
1034,192,0,0,5,14,27,174,0,benign
132,0,0,0,76,28,9,12,0,benign
817,192,0,231,106,10,0,0,2,benign
1126,0,128,64,248,96,32,32,0,benign
1034,192,0,0,5,14,27,186,0,benign
132,0,0,0,76,28,10,12,0,benign
817,192,0,231,107,10,0,0,2,benign
1126,0,128,68,248,96,32,32,0,benign
1034,192,0,0,5,14,27,198,0,benign
132,0,0,0,76,28,11,12,0,benign
817,192,0,231,108,10,0,0,2,benign
1126,0,128,72,248,96,32,32,0,benign
132,0,0,0,76,28,12,12,0,benign
1034,192,0,0,5,14,27,210,0,benign
817,192,0,231,109,10,0,0,2,benign
1126,0,128,76,248,96,32,32,0,benign
132,0,0,0,76,28,13,12,0,benign
817,192,0,231,110,10,0,0,2,benign
1034,192,0,0,5,14,27,222,0,benign
1126,0,128,80,248,96,32,32,0,benign
132,0,0,0,76,28,14,12,0,benign
817,192,0,231,111,10,0,0,2,benign
1126,0,128,84,248,96,32,32,0,benign
1034,192,0,0,5,14,27,234,0,benign
132,0,0,0,76,28,15,12,0,benign
817,192,0,231,112,10,0,0,2,benign
1126,0,128,88,248,96,32,32,0,benign
1034,192,0,0,5,14,27,246,0,benign
132,0,0,0,76,28,16,12,0,benign
817,192,0,231,113,10,0,0,2,benign
1126,0,128,92,248,96,32,32,0,benign
1034,192,0,0,5,14,28,2,0,benign
132,0,0,0,76,28,17,12,0,benign
817,192,0,231,114,10,0,0,2,benign
1126,0,128,96,248,96,32,32,0,benign
132,0,0,0,76,28,18,12,0,benign
1034,192,0,0,5,14,28,14,0,benign
817,192,0,231,115,10,0,0,2,benign
1126,0,128,100,248,96,32,32,0,benign
132,0,0,0,76,28,19,12,0,benign
817,192,0,231,116,10,0,0,2,benign
1034,192,0,0,5,14,28,26,0,benign
1126,0,128,104,248,96,32,32,0,benign
132,0,0,0,76,28,20,12,0,benign
817,192,0,231,117,10,0,0,2,benign
1126,0,128,108,248,96,32,32,0,benign
1034,192,0,0,5,14,28,38,0,benign
132,0,0,0,76,28,21,12,0,benign
817,192,0,231,118,10,0,0,2,benign
1126,0,128,112,248,96,32,32,0,benign
1034,192,0,0,5,14,28,50,0,benign
132,0,0,0,76,28,22,12,0,benign
817,192,0,231,119,10,0,0,2,benign
1126,0,128,116,248,96,32,32,0,benign
1034,192,0,0,5,14,28,62,0,benign
132,0,0,0,76,28,23,12,0,benign
817,192,0,231,120,10,0,0,2,benign
1126,0,128,120,248,96,32,32,0,benign
132,0,0,0,76,28,24,12,0,benign
1034,192,0,0,5,14,28,74,0,benign
817,192,0,231,121,10,0,0,2,benign
1126,0,128,124,248,96,32,32,0,benign
132,0,0,0,76,28,25,12,0,benign
817,192,0,231,122,10,0,0,2,benign
1034,192,0,0,5,14,28,86,0,benign
1126,0,128,128,248,96,32,32,0,benign
132,0,0,0,76,28,26,12,0,benign
817,192,0,231,123,10,0,0,2,benign
1126,0,128,132,248,96,32,32,0,benign
1034,192,0,0,5,14,28,98,0,benign
132,0,0,0,76,28,27,12,0,benign
817,192,0,231,124,10,0,0,2,benign
1126,0,128,136,248,96,32,32,0,benign
1034,192,0,0,5,14,28,110,0,benign
132,0,0,0,76,28,28,12,0,benign
817,192,0,231,125,10,0,0,2,benign
1126,0,128,140,248,96,32,32,0,benign
1034,192,0,0,5,14,28,122,0,benign
132,0,0,0,76,28,29,12,0,benign
817,192,0,231,126,10,0,0,2,benign
1126,0,128,144,248,96,32,32,0,benign
132,0,0,0,76,28,30,12,0,benign
1034,192,0,0,5,14,28,134,0,benign
817,192,0,231,127,10,0,0,2,benign
1126,0,128,148,248,96,32,32,0,benign
132,0,0,0,76,28,31,12,0,benign
817,192,0,231,128,10,0,0,2,benign
1034,192,0,0,5,14,28,146,0,benign
1126,0,128,152,248,96,32,32,0,benign
132,0,0,0,76,28,32,12,0,benign
817,192,0,231,129,10,0,0,2,benign
1126,0,128,156,248,96,32,32,0,benign
1034,192,0,0,5,14,28,158,0,benign
132,0,0,0,76,28,33,12,0,benign
817,192,0,231,130,10,0,0,2,benign
1126,0,128,160,248,96,32,32,0,benign
1034,192,0,0,5,14,28,170,0,benign
132,0,0,0,76,28,34,12,0,benign
817,192,0,231,131,10,0,0,2,benign
1126,0,128,164,248,96,32,32,0,benign
1034,192,0,0,5,14,28,182,0,benign
132,0,0,0,76,28,35,12,0,benign
817,192,0,231,132,10,0,0,2,benign
1126,0,128,168,248,96,32,32,0,benign
132,0,0,0,76,28,36,12,0,benign
1034,192,0,0,5,14,28,194,0,benign
817,192,0,231,133,10,0,0,2,benign
1126,0,128,172,248,96,32,32,0,benign
132,0,0,0,76,28,37,12,0,benign
817,192,0,231,134,10,0,0,2,benign
1034,192,0,0,5,14,28,206,0,benign
1126,0,128,176,248,96,32,32,0,benign
132,0,0,0,76,28,38,12,0,benign
817,192,0,231,135,10,0,0,2,benign
1126,0,128,180,248,96,32,32,0,benign
1034,192,0,0,5,14,28,218,0,benign
132,0,0,0,76,28,39,12,0,benign
817,192,0,231,136,10,0,0,2,benign
1126,0,128,184,248,96,32,32,0,benign
1034,192,0,0,5,14,28,230,0,benign
132,0,0,0,76,28,40,12,0,benign
817,192,0,231,137,10,0,0,2,benign
1126,0,128,188,248,96,32,32,0,benign
1034,192,0,0,5,14,28,242,0,benign
132,0,0,0,76,28,41,12,0,benign
817,192,0,231,138,10,0,0,2,benign
1126,0,128,192,248,96,32,32,0,benign
132,0,0,0,76,28,42,12,0,benign
1034,192,0,0,5,14,28,254,0,benign
817,192,0,231,139,10,0,0,2,benign
1126,0,128,196,248,96,32,32,0,benign
132,0,0,0,76,28,43,12,0,benign
817,192,0,231,140,10,0,0,2,benign
1034,192,0,0,5,14,29,10,0,benign
1126,0,128,200,248,96,32,32,0,benign
132,0,0,0,76,28,44,12,0,benign
817,192,0,231,141,10,0,0,2,benign
1126,0,128,204,248,96,32,32,0,benign
1034,192,0,0,5,14,29,22,0,benign
132,0,0,0,76,28,45,12,0,benign
817,192,0,231,142,10,0,0,2,benign
1126,0,128,208,248,96,32,32,0,benign
1034,192,0,0,5,14,29,34,0,benign
132,0,0,0,76,28,46,12,0,benign
817,192,0,231,143,10,0,0,2,benign
1126,0,128,212,248,96,32,32,0,benign
1034,192,0,0,5,14,29,46,0,benign
132,0,0,0,76,28,47,12,0,benign
817,192,0,231,144,10,0,0,2,benign
1126,0,128,216,248,96,32,32,0,benign
132,0,0,0,76,28,48,12,0,benign
1034,192,0,0,5,14,29,58,0,benign
817,192,0,231,145,10,0,0,2,benign
1126,0,128,220,248,96,32,32,0,benign
132,0,0,0,76,28,49,12,0,benign
817,192,0,231,146,10,0,0,2,benign
1034,192,0,0,5,14,29,70,0,benign
1126,0,128,224,248,96,32,32,0,benign
132,0,0,0,76,28,50,12,0,benign
817,192,0,231,147,10,0,0,2,benign
1126,0,128,228,248,96,32,32,0,benign
1034,192,0,0,5,14,29,82,0,benign
132,0,0,0,76,28,51,12,0,benign
817,192,0,231,148,10,0,0,2,benign
1126,0,128,232,248,96,32,32,0,benign
1034,192,0,0,5,14,29,94,0,benign
132,0,0,0,76,28,52,12,0,benign
817,192,0,231,149,10,0,0,2,benign
1126,0,128,236,248,96,32,32,0,benign
1034,192,0,0,5,14,29,106,0,benign
132,0,0,0,76,28,53,12,0,benign
817,192,0,231,150,10,0,0,2,benign
1126,0,132,0,248,96,32,32,0,benign
132,0,0,0,76,28,54,12,0,benign
1034,192,0,0,5,14,29,118,0,benign
817,192,0,231,151,10,0,0,2,benign
1126,0,132,4,248,96,32,32,0,benign
132,0,0,0,76,28,55,12,0,benign
817,192,0,231,152,10,0,0,2,benign
1034,192,0,0,5,14,29,130,0,benign
1126,0,132,8,248,96,32,32,0,benign
132,0,0,0,76,28,56,12,0,benign
817,192,0,231,153,10,0,0,2,benign
1126,0,132,12,248,96,32,32,0,benign
1034,192,0,0,5,14,29,142,0,benign
132,0,0,0,76,28,57,12,0,benign
817,192,0,231,154,10,0,0,2,benign
1126,0,132,16,248,96,32,32,0,benign
1034,192,0,0,5,14,29,154,0,benign
132,0,0,0,76,28,58,12,0,benign
817,192,0,231,155,10,0,0,2,benign
1126,0,132,20,248,96,32,32,0,benign
1034,192,0,0,5,14,29,166,0,benign
132,0,0,0,76,28,59,12,0,benign
817,192,0,231,156,10,0,0,2,benign
1126,0,132,24,248,96,32,32,0,benign
132,0,0,0,76,29,0,12,0,benign
1034,192,0,0,5,14,29,178,0,benign
817,192,0,231,157,10,0,0,2,benign
1126,0,132,28,248,96,32,32,0,benign
132,0,0,0,76,29,1,12,0,benign
817,192,0,231,158,10,0,0,2,benign
1034,192,0,0,5,14,29,190,0,benign
1126,0,132,32,248,96,32,32,0,benign
132,0,0,0,76,29,2,12,0,benign
817,192,0,231,159,10,0,0,2,benign
1126,0,132,36,248,96,32,32,0,benign
1034,192,0,0,5,14,29,202,0,benign
132,0,0,0,76,29,3,12,0,benign
817,192,0,231,160,10,0,0,2,benign
1126,0,132,40,248,96,32,32,0,benign
1034,192,0,0,5,14,29,214,0,benign
132,0,0,0,76,29,4,12,0,benign
817,192,0,231,161,10,0,0,2,benign
1126,0,132,44,248,96,32,32,0,benign
1034,192,0,0,5,14,29,226,0,benign
132,0,0,0,76,29,5,12,0,benign
817,192,0,231,162,10,0,0,2,benign
1126,0,132,48,248,96,32,32,0,benign
132,0,0,0,76,29,6,12,0,benign
1034,192,0,0,5,14,29,238,0,benign
817,192,0,231,163,10,0,0,2,benign
1126,0,132,52,248,96,32,32,0,benign
132,0,0,0,76,29,7,12,0,benign
817,192,0,231,164,10,0,0,2,benign
1034,192,0,0,5,14,29,250,0,benign
1126,0,132,56,248,96,32,32,0,benign
132,0,0,0,76,29,8,12,0,benign
817,192,0,231,165,10,0,0,2,benign
1126,0,132,60,248,96,32,32,0,benign
1034,192,0,0,5,14,30,6,0,benign
132,0,0,0,76,29,9,12,0,benign
817,192,0,231,166,10,0,0,2,benign
1126,0,132,64,248,96,32,32,0,benign
1034,192,0,0,5,14,30,18,0,benign
132,0,0,0,76,29,10,12,0,benign
817,192,0,231,167,10,0,0,2,benign
1126,0,132,68,248,96,32,32,0,benign
1034,192,0,0,5,14,30,30,0,benign
132,0,0,0,76,29,11,12,0,benign
817,192,0,231,168,10,0,0,2,benign
1126,0,132,72,248,96,32,32,0,benign
132,0,0,0,76,29,12,12,0,benign
1034,192,0,0,5,14,30,42,0,benign
817,192,0,231,169,10,0,0,2,benign
1126,0,132,76,248,96,32,32,0,benign
132,0,0,0,76,29,13,12,0,benign
817,192,0,231,170,10,0,0,2,benign
1034,192,0,0,5,14,30,54,0,benign
1126,0,132,80,248,96,32,32,0,benign
132,0,0,0,76,29,14,12,0,benign
817,192,0,231,171,10,0,0,2,benign
1126,0,132,84,248,96,32,32,0,benign
1034,192,0,0,5,14,30,66,0,benign
132,0,0,0,76,29,15,12,0,benign
817,192,0,231,172,10,0,0,2,benign
1126,0,132,88,248,96,32,32,0,benign
1034,192,0,0,5,14,30,78,0,benign
132,0,0,0,76,29,16,12,0,benign
817,192,0,231,173,10,0,0,2,benign
1126,0,132,92,248,96,32,32,0,benign
1034,192,0,0,5,14,30,90,0,benign
132,0,0,0,76,29,17,12,0,benign
817,192,0,231,174,10,0,0,2,benign
1126,0,132,96,248,96,32,32,0,benign
132,0,0,0,76,29,18,12,0,benign
1034,192,0,0,5,14,30,102,0,benign
817,192,0,231,175,10,0,0,2,benign
1126,0,132,100,248,96,32,32,0,benign
132,0,0,0,76,29,19,12,0,benign
817,192,0,231,176,10,0,0,2,benign
1034,192,0,0,5,14,30,114,0,benign
1126,0,132,104,248,96,32,32,0,benign
132,0,0,0,76,29,20,12,0,benign
817,192,0,231,177,10,0,0,2,benign
1126,0,132,108,248,96,32,32,0,benign
1034,192,0,0,5,14,30,126,0,benign
132,0,0,0,76,29,21,12,0,benign
817,192,0,231,178,10,0,0,2,benign
1126,0,132,112,248,96,32,32,0,benign
1034,192,0,0,5,14,30,138,0,benign
132,0,0,0,76,29,22,12,0,benign
817,192,0,231,179,10,0,0,2,benign
1126,0,132,116,248,96,32,32,0,benign
1034,192,0,0,5,14,30,150,0,benign
132,0,0,0,76,29,23,12,0,benign
817,192,0,231,180,10,0,0,2,benign
1126,0,132,120,248,96,32,32,0,benign
132,0,0,0,76,29,24,12,0,benign
1034,192,0,0,5,14,30,162,0,benign
817,192,0,231,181,10,0,0,2,benign
1126,0,132,124,248,96,32,32,0,benign
132,0,0,0,76,29,25,12,0,benign
817,192,0,231,182,10,0,0,2,benign
1034,192,0,0,5,14,30,174,0,benign
1126,0,132,128,248,96,32,32,0,benign
132,0,0,0,76,29,26,12,0,benign
817,192,0,231,183,10,0,0,2,benign
1126,0,132,132,248,96,32,32,0,benign
1034,192,0,0,5,14,30,186,0,benign
132,0,0,0,76,29,27,12,0,benign
817,192,0,231,184,10,0,0,2,benign
1126,0,132,136,248,96,32,32,0,benign
1034,192,0,0,5,14,30,198,0,benign
132,0,0,0,76,29,28,12,0,benign
817,192,0,231,185,10,0,0,2,benign
1126,0,132,140,248,96,32,32,0,benign
1034,192,0,0,5,14,30,210,0,benign
132,0,0,0,76,29,29,12,0,benign
817,192,0,231,186,10,0,0,2,benign
1126,0,132,144,248,96,32,32,0,benign
132,0,0,0,76,29,30,12,0,benign
1034,192,0,0,5,14,30,222,0,benign
817,192,0,231,187,10,0,0,2,benign
1126,0,132,148,248,96,32,32,0,benign
132,0,0,0,76,29,31,12,0,benign
817,192,0,231,188,10,0,0,2,benign
1034,192,0,0,5,14,30,234,0,benign
1126,0,132,152,248,96,32,32,0,benign
132,0,0,0,76,29,32,12,0,benign
817,192,0,231,189,10,0,0,2,benign
1126,0,132,156,248,96,32,32,0,benign
1034,192,0,0,5,14,30,246,0,benign
132,0,0,0,76,29,33,12,0,benign
817,192,0,231,190,10,0,0,2,benign
1126,0,132,160,248,96,32,32,0,benign
1034,192,0,0,5,14,31,2,0,benign
132,0,0,0,76,29,34,12,0,benign
817,192,0,231,191,10,0,0,2,benign
1126,0,132,164,248,96,32,32,0,benign
1034,192,0,0,5,14,31,14,0,benign
132,0,0,0,76,29,35,12,0,benign
817,192,0,231,192,10,0,0,2,benign
1126,0,132,168,248,96,32,32,0,benign
132,0,0,0,76,29,36,12,0,benign
1034,192,0,0,5,14,31,26,0,benign
817,192,0,231,193,10,0,0,2,benign
1126,0,132,172,248,96,32,32,0,benign
132,0,0,0,76,29,37,12,0,benign
817,192,0,231,194,10,0,0,2,benign
1034,192,0,0,5,14,31,38,0,benign
1126,0,132,176,248,96,32,32,0,benign
132,0,0,0,76,29,38,12,0,benign
817,192,0,231,195,10,0,0,2,benign
1126,0,132,180,248,96,32,32,0,benign
1034,192,0,0,5,14,31,50,0,benign
132,0,0,0,76,29,39,12,0,benign
817,192,0,231,196,10,0,0,2,benign
1126,0,132,184,248,96,32,32,0,benign
1034,192,0,0,5,14,31,62,0,benign
132,0,0,0,76,29,40,12,0,benign
817,192,0,231,197,10,0,0,2,benign
1126,0,132,188,248,96,32,32,0,benign
1034,192,0,0,5,14,31,74,0,benign
132,0,0,0,76,29,41,12,0,benign
817,192,0,231,198,10,0,0,2,benign
1126,0,132,192,248,96,32,32,0,benign
132,0,0,0,76,29,42,12,0,benign
1034,192,0,0,5,14,31,86,0,benign
817,192,0,231,199,10,0,0,2,benign
1126,0,132,196,248,96,32,32,0,benign
132,0,0,0,76,29,43,12,0,benign
817,192,0,231,200,10,0,0,2,benign
1034,192,0,0,5,14,31,98,0,benign
1126,0,132,200,248,96,32,32,0,benign
132,0,0,0,76,29,44,12,0,benign
817,192,0,231,201,10,0,0,2,benign
1126,0,132,204,248,96,32,32,0,benign
1034,192,0,0,5,14,31,110,0,benign
132,0,0,0,76,29,45,12,0,benign
817,192,0,231,202,10,0,0,2,benign
1126,0,132,208,248,96,32,32,0,benign
1034,192,0,0,5,14,31,122,0,benign
132,0,0,0,76,29,46,12,0,benign
817,192,0,231,203,10,0,0,2,benign
1126,0,132,212,248,96,32,32,0,benign
1034,192,0,0,5,14,31,134,0,benign
132,0,0,0,76,29,47,12,0,benign
817,192,0,231,204,10,0,0,2,benign
1126,0,132,216,248,96,32,32,0,benign
132,0,0,0,76,29,48,12,0,benign
1034,192,0,0,5,14,31,146,0,benign
817,192,0,231,205,10,0,0,2,benign
1126,0,132,220,248,96,32,32,0,benign
132,0,0,0,76,29,49,12,0,benign
817,192,0,231,206,10,0,0,2,benign
1034,192,0,0,5,14,31,158,0,benign
1126,0,132,224,248,96,32,32,0,benign
132,0,0,0,76,29,50,12,0,benign
817,192,0,231,207,10,0,0,2,benign
1126,0,132,228,248,96,32,32,0,benign
1034,192,0,0,5,14,31,170,0,benign
132,0,0,0,76,29,51,12,0,benign
817,192,0,231,208,10,0,0,2,benign
1126,0,132,232,248,96,32,32,0,benign
1034,192,0,0,5,14,31,182,0,benign
132,0,0,0,76,29,52,12,0,benign
817,192,0,231,209,10,0,0,2,benign
1126,0,132,236,248,96,32,32,0,benign
1034,192,0,0,5,14,31,194,0,benign
132,0,0,0,76,29,53,12,0,benign
817,192,0,231,210,10,0,0,2,benign
1126,0,136,0,248,96,32,32,0,benign
132,0,0,0,76,29,54,12,0,benign
1034,192,0,0,5,14,31,206,0,benign
817,192,0,231,211,10,0,0,2,benign
1126,0,136,4,248,96,32,32,0,benign
132,0,0,0,76,29,55,12,0,benign
817,192,0,231,212,10,0,0,2,benign
1034,192,0,0,5,14,31,218,0,benign
1126,0,136,8,248,96,32,32,0,benign
132,0,0,0,76,29,56,12,0,benign
817,192,0,231,213,10,0,0,2,benign
1126,0,136,12,248,96,32,32,0,benign
1034,192,0,0,5,14,31,230,0,benign
132,0,0,0,76,29,57,12,0,benign
817,192,0,231,214,10,0,0,2,benign
1126,0,136,16,248,96,32,32,0,benign
1034,192,0,0,5,14,31,242,0,benign
132,0,0,0,76,29,58,12,0,benign
817,192,0,231,215,10,0,0,2,benign
1126,0,136,20,248,96,32,32,0,benign
1034,192,0,0,5,14,31,254,0,benign
132,0,0,0,76,29,59,12,0,benign
817,192,0,231,216,10,0,0,2,benign
1126,0,136,24,248,96,32,32,0,benign
132,0,0,0,76,30,0,12,0,benign
1034,192,0,0,5,14,32,10,0,benign
817,192,0,231,217,10,0,0,2,benign
1126,0,136,28,248,96,32,32,0,benign
132,0,0,0,76,30,1,12,0,benign
817,192,0,231,218,10,0,0,2,benign
1034,192,0,0,5,14,32,22,0,benign
1126,0,136,32,248,96,32,32,0,benign
132,0,0,0,76,30,2,12,0,benign
817,192,0,231,219,10,0,0,2,benign
1126,0,136,36,248,96,32,32,0,benign
1034,192,0,0,5,14,32,34,0,benign
132,0,0,0,76,30,3,12,0,benign
817,192,0,231,220,10,0,0,2,benign
1126,0,136,40,248,96,32,32,0,benign
1034,192,0,0,5,14,32,46,0,benign
132,0,0,0,76,30,4,12,0,benign
817,192,0,231,221,10,0,0,2,benign
1126,0,136,44,248,96,32,32,0,benign
1034,192,0,0,5,14,32,58,0,benign
132,0,0,0,76,30,5,12,0,benign
817,192,0,231,222,10,0,0,2,benign
1126,0,136,48,248,96,32,32,0,benign
132,0,0,0,76,30,6,12,0,benign
1034,192,0,0,5,14,32,70,0,benign
817,192,0,231,223,10,0,0,2,benign
1126,0,136,52,248,96,32,32,0,benign
132,0,0,0,76,30,7,12,0,benign
817,192,0,231,224,10,0,0,2,benign
1034,192,0,0,5,14,32,82,0,benign
1126,0,136,56,248,96,32,32,0,benign
132,0,0,0,76,30,8,12,0,benign
817,192,0,231,225,10,0,0,2,benign
1126,0,136,60,248,96,32,32,0,benign
1034,192,0,0,5,14,32,94,0,benign
132,0,0,0,76,30,9,12,0,benign
817,192,0,231,226,10,0,0,2,benign
1126,0,136,64,248,96,32,32,0,benign
1034,192,0,0,5,14,32,106,0,benign
132,0,0,0,76,30,10,12,0,benign
817,192,0,231,227,10,0,0,2,benign
1126,0,136,68,248,96,32,32,0,benign
1034,192,0,0,5,14,32,118,0,benign
132,0,0,0,76,30,11,12,0,benign
817,192,0,231,228,10,0,0,2,benign
1126,0,136,72,248,96,32,32,0,benign
132,0,0,0,76,30,12,12,0,benign
1034,192,0,0,5,14,32,130,0,benign
817,192,0,231,229,10,0,0,2,benign
1126,0,136,76,248,96,32,32,0,benign
132,0,0,0,76,30,13,12,0,benign
817,192,0,231,230,10,0,0,2,benign
1034,192,0,0,5,14,32,142,0,benign
1126,0,136,80,248,96,32,32,0,benign
132,0,0,0,76,30,14,12,0,benign
817,192,0,231,231,10,0,0,2,benign
1126,0,136,84,248,96,32,32,0,benign
1034,192,0,0,5,14,32,154,0,benign
132,0,0,0,76,30,15,12,0,benign
817,192,0,231,232,10,0,0,2,benign
1126,0,136,88,248,96,32,32,0,benign
1034,192,0,0,5,14,32,166,0,benign
132,0,0,0,76,30,16,12,0,benign
817,192,0,231,233,10,0,0,2,benign
1126,0,136,92,248,96,32,32,0,benign
1034,192,0,0,5,14,32,178,0,benign
132,0,0,0,76,30,17,12,0,benign
817,192,0,231,234,10,0,0,2,benign
1126,0,136,96,248,96,32,32,0,benign
132,0,0,0,76,30,18,12,0,benign
1034,192,0,0,5,14,32,190,0,benign
817,192,0,231,235,10,0,0,2,benign
1126,0,136,100,248,96,32,32,0,benign
132,0,0,0,76,30,19,12,0,benign
817,192,0,231,236,10,0,0,2,benign
1034,192,0,0,5,14,32,202,0,benign
1126,0,136,104,248,96,32,32,0,benign
132,0,0,0,76,30,20,12,0,benign
817,192,0,231,237,10,0,0,2,benign
1126,0,136,108,248,96,32,32,0,benign
1034,192,0,0,5,14,32,214,0,benign
132,0,0,0,76,30,21,12,0,benign
817,192,0,231,238,10,0,0,2,benign
1126,0,136,112,248,96,32,32,0,benign
1034,192,0,0,5,14,32,226,0,benign
132,0,0,0,76,30,22,12,0,benign
817,192,0,231,239,10,0,0,2,benign
1126,0,136,116,248,96,32,32,0,benign
1034,192,0,0,5,14,32,238,0,benign
132,0,0,0,76,30,23,12,0,benign
817,192,0,231,240,10,0,0,2,benign
1126,0,136,120,248,96,32,32,0,benign
132,0,0,0,76,30,24,12,0,benign
1034,192,0,0,5,14,32,250,0,benign
817,192,0,231,241,10,0,0,2,benign
1126,0,136,124,248,96,32,32,0,benign
132,0,0,0,76,30,25,12,0,benign
817,192,0,231,242,10,0,0,2,benign
1034,192,0,0,5,14,33,6,0,benign
1126,0,136,128,248,96,32,32,0,benign
132,0,0,0,76,30,26,12,0,benign
817,192,0,231,243,10,0,0,2,benign
1126,0,136,132,248,96,32,32,0,benign
1034,192,0,0,5,14,33,18,0,benign
132,0,0,0,76,30,27,12,0,benign
817,192,0,231,244,10,0,0,2,benign
1126,0,136,136,248,96,32,32,0,benign
1034,192,0,0,5,14,33,30,0,benign
132,0,0,0,76,30,28,12,0,benign
817,192,0,231,245,10,0,0,2,benign
1126,0,136,140,248,96,32,32,0,benign
1034,192,0,0,5,14,33,42,0,benign
132,0,0,0,76,30,29,12,0,benign
817,192,0,231,246,10,0,0,2,benign
1126,0,136,144,248,96,32,32,0,benign
132,0,0,0,76,30,30,12,0,benign
1034,192,0,0,5,14,33,54,0,benign
817,192,0,231,247,10,0,0,2,benign
1126,0,136,148,248,96,32,32,0,benign
132,0,0,0,76,30,31,12,0,benign
817,192,0,231,248,10,0,0,2,benign
1034,192,0,0,5,14,33,66,0,benign
1126,0,136,152,248,96,32,32,0,benign
132,0,0,0,76,30,32,12,0,benign
817,192,0,231,249,10,0,0,2,benign
1126,0,136,156,248,96,32,32,0,benign
1034,192,0,0,5,14,33,78,0,benign
132,0,0,0,76,30,33,12,0,benign
817,192,0,231,250,10,0,0,2,benign
1126,0,136,160,248,96,32,32,0,benign
1034,192,0,0,5,14,33,90,0,benign
132,0,0,0,76,30,34,12,0,benign
817,192,0,231,251,10,0,0,2,benign
1126,0,136,164,248,96,32,32,0,benign
1034,192,0,0,5,14,33,102,0,benign
132,0,0,0,76,30,35,12,0,benign
817,192,0,231,252,10,0,0,2,benign
1126,0,136,168,248,96,32,32,0,benign
132,0,0,0,76,30,36,12,0,benign
1034,192,0,0,5,14,33,114,0,benign
817,192,0,231,253,10,0,0,2,benign
1126,0,136,172,248,96,32,32,0,benign
132,0,0,0,76,30,37,12,0,benign
817,192,0,231,254,10,0,0,2,benign
1034,192,0,0,5,14,33,126,0,benign
1126,0,136,176,248,96,32,32,0,benign
132,0,0,0,76,30,38,12,0,benign
817,192,0,231,255,10,0,0,2,benign
1126,0,136,180,248,96,32,32,0,benign
1034,192,0,0,5,14,33,138,0,benign
132,0,0,0,76,30,39,12,0,benign
817,192,0,232,0,10,0,0,2,benign
1126,0,136,184,248,96,32,32,0,benign
1034,192,0,0,5,14,33,150,0,benign
132,0,0,0,76,30,40,12,0,benign
817,192,0,232,1,10,0,0,2,benign
1126,0,136,188,248,96,32,32,0,benign
1034,192,0,0,5,14,33,162,0,benign
132,0,0,0,76,30,41,12,0,benign
817,192,0,232,2,10,0,0,2,benign
1126,0,136,192,248,96,32,32,0,benign
132,0,0,0,76,30,42,12,0,benign
1034,192,0,0,5,14,33,174,0,benign
817,192,0,232,3,10,0,0,2,benign
1126,0,136,196,248,96,32,32,0,benign
132,0,0,0,76,30,43,12,0,benign
817,192,0,232,4,10,0,0,2,benign
1034,192,0,0,5,14,33,186,0,benign
1126,0,136,200,248,96,32,32,0,benign
132,0,0,0,76,30,44,12,0,benign
817,192,0,232,5,10,0,0,2,benign
1126,0,136,204,248,96,32,32,0,benign
1034,192,0,0,5,14,33,198,0,benign
132,0,0,0,76,30,45,12,0,benign
817,192,0,232,6,10,0,0,2,benign
1126,0,136,208,248,96,32,32,0,benign
1034,192,0,0,5,14,33,210,0,benign
132,0,0,0,76,30,46,12,0,benign
817,192,0,232,7,10,0,0,2,benign
1126,0,136,212,248,96,32,32,0,benign
1034,192,0,0,5,14,33,222,0,benign
132,0,0,0,76,30,47,12,0,benign
817,192,0,232,8,10,0,0,2,benign
1126,0,136,216,248,96,32,32,0,benign
132,0,0,0,76,30,48,12,0,benign
1034,192,0,0,5,14,33,234,0,benign
817,192,0,232,9,10,0,0,2,benign
1126,0,136,220,248,96,32,32,0,benign
132,0,0,0,76,30,49,12,0,benign
817,192,0,232,10,10,0,0,2,benign
1034,192,0,0,5,14,33,246,0,benign
1126,0,136,224,248,96,32,32,0,benign
132,0,0,0,76,30,50,12,0,benign
817,192,0,232,11,10,0,0,2,benign
1126,0,136,228,248,96,32,32,0,benign
1034,192,0,0,5,14,34,2,0,benign
132,0,0,0,76,30,51,12,0,benign
817,192,0,232,12,10,0,0,2,benign
1126,0,136,232,248,96,32,32,0,benign
1034,192,0,0,5,14,34,14,0,benign
132,0,0,0,76,30,52,12,0,benign
817,192,0,232,13,10,0,0,2,benign
1126,0,136,236,248,96,32,32,0,benign
1034,192,0,0,5,14,34,26,0,benign
132,0,0,0,76,30,53,12,0,benign
817,192,0,232,14,10,0,0,2,benign
1126,0,140,0,248,96,32,32,0,benign
132,0,0,0,76,30,54,12,0,benign
1034,192,0,0,5,14,34,38,0,benign
817,192,0,232,15,10,0,0,2,benign
1126,0,140,4,248,96,32,32,0,benign
132,0,0,0,76,30,55,12,0,benign
817,192,0,232,16,10,0,0,2,benign
1034,192,0,0,5,14,34,50,0,benign
1126,0,140,8,248,96,32,32,0,benign
132,0,0,0,76,30,56,12,0,benign
817,192,0,232,17,10,0,0,2,benign
1126,0,140,12,248,96,32,32,0,benign
1034,192,0,0,5,14,34,62,0,benign
132,0,0,0,76,30,57,12,0,benign
817,192,0,232,18,10,0,0,2,benign
1126,0,140,16,248,96,32,32,0,benign
1034,192,0,0,5,14,34,74,0,benign
132,0,0,0,76,30,58,12,0,benign
817,192,0,232,19,10,0,0,2,benign
1126,0,140,20,248,96,32,32,0,benign
1034,192,0,0,5,14,34,86,0,benign
132,0,0,0,76,30,59,12,0,benign
817,192,0,232,20,10,0,0,2,benign
1126,0,140,24,248,96,32,32,0,benign
132,0,0,0,76,31,0,12,0,benign
1034,192,0,0,5,14,34,98,0,benign
817,192,0,232,21,10,0,0,2,benign
1126,0,140,28,248,96,32,32,0,benign
132,0,0,0,76,31,1,12,0,benign
817,192,0,232,22,10,0,0,2,benign
1034,192,0,0,5,14,34,110,0,benign
1126,0,140,32,248,96,32,32,0,benign
132,0,0,0,76,31,2,12,0,benign
817,192,0,232,23,10,0,0,2,benign
1126,0,140,36,248,96,32,32,0,benign
1034,192,0,0,5,14,34,122,0,benign
132,0,0,0,76,31,3,12,0,benign
817,192,0,232,24,10,0,0,2,benign
1126,0,140,40,248,96,32,32,0,benign
1034,192,0,0,5,14,34,134,0,benign
132,0,0,0,76,31,4,12,0,benign
817,192,0,232,25,10,0,0,2,benign
1126,0,140,44,248,96,32,32,0,benign
1034,192,0,0,5,14,34,146,0,benign
132,0,0,0,76,31,5,12,0,benign
817,192,0,232,26,10,0,0,2,benign
1126,0,140,48,248,96,32,32,0,benign
132,0,0,0,76,31,6,12,0,benign
1034,192,0,0,5,14,34,158,0,benign
817,192,0,232,27,10,0,0,2,benign
1126,0,140,52,248,96,32,32,0,benign
132,0,0,0,76,31,7,12,0,benign
817,192,0,232,28,10,0,0,2,benign
1034,192,0,0,5,14,34,170,0,benign
1126,0,140,56,248,96,32,32,0,benign
132,0,0,0,76,31,8,12,0,benign
817,192,0,232,29,10,0,0,2,benign
1126,0,140,60,248,96,32,32,0,benign
1034,192,0,0,5,14,34,182,0,benign
132,0,0,0,76,31,9,12,0,benign
817,192,0,232,30,10,0,0,2,benign
1126,0,140,64,248,96,32,32,0,benign
1034,192,0,0,5,14,34,194,0,benign
132,0,0,0,76,31,10,12,0,benign
817,192,0,232,31,10,0,0,2,benign
1126,0,140,68,248,96,32,32,0,benign
1034,192,0,0,5,14,34,206,0,benign
132,0,0,0,76,31,11,12,0,benign
817,192,0,232,32,10,0,0,2,benign
1126,0,140,72,248,96,32,32,0,benign
132,0,0,0,76,31,12,12,0,benign
1034,192,0,0,5,14,34,218,0,benign
817,192,0,232,33,10,0,0,2,benign
1126,0,140,76,248,96,32,32,0,benign
132,0,0,0,76,31,13,12,0,benign
817,192,0,232,34,10,0,0,2,benign
1034,192,0,0,5,14,34,230,0,benign
1126,0,140,80,248,96,32,32,0,benign
132,0,0,0,76,31,14,12,0,benign
817,192,0,232,35,10,0,0,2,benign
1126,0,140,84,248,96,32,32,0,benign
1034,192,0,0,5,14,34,242,0,benign
132,0,0,0,76,31,15,12,0,benign
817,192,0,232,36,10,0,0,2,benign
1126,0,140,88,248,96,32,32,0,benign
1034,192,0,0,5,14,34,254,0,benign
132,0,0,0,76,31,16,12,0,benign
817,192,0,232,37,10,0,0,2,benign
1126,0,140,92,248,96,32,32,0,benign
1034,192,0,0,5,14,35,10,0,benign
132,0,0,0,76,31,17,12,0,benign
817,192,0,232,38,10,0,0,2,benign
1126,0,140,96,248,96,32,32,0,benign
132,0,0,0,76,31,18,12,0,benign
1034,192,0,0,5,14,35,22,0,benign
817,192,0,232,39,10,0,0,2,benign
1126,0,140,100,248,96,32,32,0,benign
132,0,0,0,76,31,19,12,0,benign
817,192,0,232,40,10,0,0,2,benign
1034,192,0,0,5,14,35,34,0,benign
1126,0,140,104,248,96,32,32,0,benign
132,0,0,0,76,31,20,12,0,benign
817,192,0,232,41,10,0,0,2,benign
1126,0,140,108,248,96,32,32,0,benign
1034,192,0,0,5,14,35,46,0,benign
132,0,0,0,76,31,21,12,0,benign
817,192,0,232,42,10,0,0,2,benign
1126,0,140,112,248,96,32,32,0,benign
1034,192,0,0,5,14,35,58,0,benign
132,0,0,0,76,31,22,12,0,benign
817,192,0,232,43,10,0,0,2,benign
1126,0,140,116,248,96,32,32,0,benign
1034,192,0,0,5,14,35,70,0,benign
132,0,0,0,76,31,23,12,0,benign
817,192,0,232,44,10,0,0,2,benign
1126,0,140,120,248,96,32,32,0,benign
132,0,0,0,76,31,24,12,0,benign
1034,192,0,0,5,14,35,82,0,benign
817,192,0,232,45,10,0,0,2,benign
1126,0,140,124,248,96,32,32,0,benign
132,0,0,0,76,31,25,12,0,benign
817,192,0,232,46,10,0,0,2,benign
1034,192,0,0,5,14,35,94,0,benign
1126,0,140,128,248,96,32,32,0,benign
132,0,0,0,76,31,26,12,0,benign
817,192,0,232,47,10,0,0,2,benign
1126,0,140,132,248,96,32,32,0,benign
1034,192,0,0,5,14,35,106,0,benign
132,0,0,0,76,31,27,12,0,benign
817,192,0,232,48,10,0,0,2,benign
1126,0,140,136,248,96,32,32,0,benign
1034,192,0,0,5,14,35,118,0,benign
132,0,0,0,76,31,28,12,0,benign
817,192,0,232,49,10,0,0,2,benign
1126,0,140,140,248,96,32,32,0,benign
1034,192,0,0,5,14,35,130,0,benign
132,0,0,0,76,31,29,12,0,benign
817,192,0,232,50,10,0,0,2,benign
1126,0,140,144,248,96,32,32,0,benign
132,0,0,0,76,31,30,12,0,benign
1034,192,0,0,5,14,35,142,0,benign
817,192,0,232,51,10,0,0,2,benign
1126,0,140,148,248,96,32,32,0,benign
132,0,0,0,76,31,31,12,0,benign
817,192,0,232,52,10,0,0,2,benign
1034,192,0,0,5,14,35,154,0,benign
1126,0,140,152,248,96,32,32,0,benign
132,0,0,0,76,31,32,12,0,benign
817,192,0,232,53,10,0,0,2,benign
1126,0,140,156,248,96,32,32,0,benign
1034,192,0,0,5,14,35,166,0,benign
132,0,0,0,76,31,33,12,0,benign
817,192,0,232,54,10,0,0,2,benign
1126,0,140,160,248,96,32,32,0,benign
1034,192,0,0,5,14,35,178,0,benign
132,0,0,0,76,31,34,12,0,benign
817,192,0,232,55,10,0,0,2,benign
1126,0,140,164,248,96,32,32,0,benign
1034,192,0,0,5,14,35,190,0,benign
132,0,0,0,76,31,35,12,0,benign
817,192,0,232,56,10,0,0,2,benign
1126,0,140,168,248,96,32,32,0,benign
132,0,0,0,76,31,36,12,0,benign
1034,192,0,0,5,14,35,202,0,benign
817,192,0,232,57,10,0,0,2,benign
1126,0,140,172,248,96,32,32,0,benign
132,0,0,0,76,31,37,12,0,benign
817,192,0,232,58,10,0,0,2,benign
1034,192,0,0,5,14,35,214,0,benign
1126,0,140,176,248,96,32,32,0,benign
132,0,0,0,76,31,38,12,0,benign
817,192,0,232,59,10,0,0,2,benign
1126,0,140,180,248,96,32,32,0,benign
1034,192,0,0,5,14,35,226,0,benign
132,0,0,0,76,31,39,12,0,benign
817,192,0,232,60,10,0,0,2,benign
1126,0,140,184,248,96,32,32,0,benign
1034,192,0,0,5,14,35,238,0,benign
132,0,0,0,76,31,40,12,0,benign
817,192,0,232,61,10,0,0,2,benign
1126,0,140,188,248,96,32,32,0,benign
1034,192,0,0,5,14,35,250,0,benign
132,0,0,0,76,31,41,12,0,benign
817,192,0,232,62,10,0,0,2,benign
1126,0,140,192,248,96,32,32,0,benign
132,0,0,0,76,31,42,12,0,benign
1034,192,0,0,5,14,36,6,0,benign
817,192,0,232,63,10,0,0,2,benign
1126,0,140,196,248,96,32,32,0,benign
132,0,0,0,76,31,43,12,0,benign
817,192,0,232,64,10,0,0,2,benign
1034,192,0,0,5,14,36,18,0,benign
1126,0,140,200,248,96,32,32,0,benign
132,0,0,0,76,31,44,12,0,benign
817,192,0,232,65,10,0,0,2,benign
1126,0,140,204,248,96,32,32,0,benign
1034,192,0,0,5,14,36,30,0,benign
132,0,0,0,76,31,45,12,0,benign
817,192,0,232,66,10,0,0,2,benign
1126,0,140,208,248,96,32,32,0,benign
1034,192,0,0,5,14,36,42,0,benign
132,0,0,0,76,31,46,12,0,benign
817,192,0,232,67,10,0,0,2,benign
1126,0,140,212,248,96,32,32,0,benign
1034,192,0,0,5,14,36,54,0,benign
132,0,0,0,76,31,47,12,0,benign
817,192,0,232,68,10,0,0,2,benign
1126,0,140,216,248,96,32,32,0,benign
291,0,0,0,0,0,0,0,0,DoS
291,14,11,4,4,3,3,8,12,DoS
291,1,5,9,7,0,11,15,4,DoS
291,3,1,6,7,8,10,2,5,DoS
291,9,8,4,5,3,1,7,15,DoS
291,1,7,6,10,14,15,15,8,DoS
291,5,6,3,0,8,15,7,9,DoS
291,13,2,7,14,14,1,10,11,DoS
291,11,11,10,1,11,11,8,5,DoS
291,10,15,13,6,7,11,14,7,DoS
291,2,4,10,11,11,1,0,0,DoS
291,8,3,11,4,6,0,12,3,DoS
291,9,9,11,4,14,3,8,0,DoS
291,10,11,2,12,5,13,1,14,DoS
291,15,10,0,13,9,1,1,11,DoS
291,3,3,0,9,7,3,7,4,DoS
291,7,14,1,5,13,0,11,11,DoS
291,9,13,8,6,4,3,5,14,DoS
291,3,2,13,13,10,15,2,4,DoS
291,5,3,8,9,6,7,14,2,DoS
291,15,9,13,9,11,9,11,8,DoS
513,0,0,0,0,0,0,0,125,spoofing-GAS
513,0,0,0,0,0,0,64,156,spoofing-GAS
476,2,61,23,19,0,0,0,0,spoofing-RPM
476,2,53,221,69,0,0,0,0,spoofing-RPM
476,2,7,177,239,0,0,0,0,spoofing-RPM
476,2,15,60,3,0,0,0,0,spoofing-RPM
476,2,23,84,221,0,0,0,0,spoofing-RPM
476,2,30,245,3,0,0,0,0,spoofing-RPM
513,160,15,3,37,168,53,148,34,spoofing-RPM
513,0,0,0,0,0,0,0,0,spoofing-RPM
513,64,31,2,35,24,5,138,34,spoofing-RPM
513,6,28,6,63,6,42,2,41,spoofing-RPM
344,6,12,6,51,6,26,2,54,spoofing-SPEED
344,6,16,6,54,6,29,2,14,spoofing-SPEED
344,6,20,6,57,6,33,2,17,spoofing-SPEED
344,6,28,6,63,6,42,2,41,spoofing-SPEED
513,0,0,0,0,100,0,2,0,spoofing-SPEED
128,0,0,0,0,0,0,0,0,spoofing-STEERING_WHEEL
128,132,3,2,35,24,5,138,34,spoofing-STEERING_WHEEL
128,194,1,2,35,24,5,138,34,spoofing-STEERING_WHEEL
